run,evalanche_size,evalanche_duration,density,cooldown,branching_ratio,emperical_branching_ratio
0,"[0, 0, 2, 0, 1, 1, 0, 0, 1]","[0, 0, 2, 0, 1, 1, 0, 0, 1]",0.0,0,0.5,0.35714285714285715
1,"[0, 1, 1, 0, 2, 0, 10, 0, 1, 0, 0, 0, 1, 0, 1, 1, 1]","[0, 1, 1, 0, 2, 0, 7, 0, 1, 0, 0, 0, 1, 0, 1, 1, 1]",2.997002997002997e-05,0,0.5,0.48484848484848486
2,"[5, 2, 0, 0, 1, 1]","[3, 2, 0, 0, 1, 1]",5.994005994005994e-05,0,0.5,0.4444444444444444
3,"[1, 0, 0, 0, 4, 0, 0]","[1, 0, 0, 0, 3, 0, 0]",0.0,0,0.5,0.375
4,"[0, 3, 0, 0, 0, 0, 0, 0, 0, 0, 1]","[0, 2, 0, 0, 0, 0, 0, 0, 0, 0, 1]",9.99000999000999e-06,0,0.5,0.2692307692307692
5,"[0, 0, 0, 1, 0, 0, 0, 0, 0, 5, 0]","[0, 0, 0, 1, 0, 0, 0, 0, 0, 3, 0]",0.0,0,0.5,0.3
6,"[1, 0, 1, 8, 2, 1, 1, 0, 0, 0, 0]","[1, 0, 1, 5, 2, 1, 1, 0, 0, 0, 0]",0.0,0,0.5,0.5555555555555556
7,"[2, 0, 1, 1, 7, 0, 0, 1]","[2, 0, 1, 1, 5, 0, 0, 1]",5.994005994005994e-05,0,0.5,0.65
8,"[0, 0, 0, 3, 0, 0, 1, 3]","[0, 0, 0, 3, 0, 0, 1, 2]",1.998001998001998e-05,0,0.5,0.5833333333333334
9,"[2, 11, 0, 1, 1, 0, 0, 0, 0]","[2, 9, 0, 1, 1, 0, 0, 0, 0]",2.997002997002997e-05,0,0.5,0.5526315789473685
0,"[0, 1, 0, 0, 0, 0, 0, 2, 0, 0, 0]","[0, 1, 0, 0, 0, 0, 0, 2, 0, 0, 0]",0.0,1,0.5,0.21428571428571427
1,"[0, 1, 4, 0, 0, 0, 1, 0, 3, 3, 1]","[0, 1, 3, 0, 0, 0, 1, 0, 3, 2, 1]",0.0,1,0.5,0.5434782608695652
2,"[0, 3, 1, 0, 0, 1, 0, 5, 0, 0]","[0, 2, 1, 0, 0, 1, 0, 2, 0, 0]",0.0,1,0.5,0.5098039215686275
3,"[0, 7, 0, 0, 0, 7, 0, 0, 2, 0]","[0, 5, 0, 0, 0, 4, 0, 0, 1, 0]",9.99000999000999e-06,1,0.5,0.6764705882352942
4,"[0, 1, 1, 1, 0, 4, 0, 0, 0, 0]","[0, 1, 1, 1, 0, 4, 0, 0, 0, 0]",0.0,1,0.5,0.4117647058823529
5,"[0, 1, 0, 2, 1, 0, 0, 0, 0]","[0, 1, 0, 2, 1, 0, 0, 0, 0]",2.997002997002997e-05,1,0.5,0.3
6,"[1, 0, 0, 0, 10, 2, 1, 0, 0, 0, 6, 0]","[1, 0, 0, 0, 5, 2, 1, 0, 0, 0, 4, 0]",0.0,1,0.5,0.625
7,"[0, 0, 2, 0, 2, 0]","[0, 0, 2, 0, 1, 0]",9.99000999000999e-06,1,0.5,0.5
8,"[3, 0, 0, 1, 0, 0, 1, 0, 0]","[3, 0, 0, 1, 0, 0, 1, 0, 0]",3.996003996003996e-05,1,0.5,0.2
9,"[0, 0, 2, 1, 0, 0, 0]","[0, 0, 2, 1, 0, 0, 0]",9.99000999000999e-06,1,0.5,0.3333333333333333
0,"[5, 0, 0, 0, 2, 0, 1, 2]","[3, 0, 0, 0, 2, 0, 1, 2]",5.994005994005994e-05,3,0.5,0.4166666666666667
1,"[1, 0, 0, 0, 0, 0, 0]","[1, 0, 0, 0, 0, 0, 0]",0.0,3,0.5,0.125
2,"[1, 0, 0, 2, 7, 0]","[1, 0, 0, 2, 6, 0]",1.998001998001998e-05,3,0.5,0.6538461538461539
3,"[7, 3, 1, 0, 0, 14, 0, 0]","[5, 2, 1, 0, 0, 9, 0, 0]",7.992007992007992e-05,3,0.5,0.6875
4,"[2, 0, 0, 0, 0, 1]","[1, 0, 0, 0, 0, 1]",0.0,3,0.5,0.375
5,"[0, 2, 0, 0, 0, 1, 1, 3]","[0, 2, 0, 0, 0, 1, 1, 2]",9.99000999000999e-06,3,0.5,0.5
6,"[4, 3, 1, 0]","[4, 2, 1, 0]",4.995004995004995e-05,3,0.5,0.5833333333333334
7,"[3, 0, 0, 0, 0, 0, 1, 0, 1, 2, 17]","[1, 0, 0, 0, 0, 0, 1, 0, 1, 2, 11]",4.995004995004995e-05,3,0.5,0.6527777777777778
8,"[0, 2, 0, 0, 0, 4, 0, 2]","[0, 2, 0, 0, 0, 3, 0, 2]",9.99000999000999e-06,3,0.5,0.5
9,"[18, 0, 0, 0, 0, 1, 0, 4, 0, 0, 5, 1, 0, 1, 2]","[13, 0, 0, 0, 0, 1, 0, 4, 0, 0, 3, 1, 0, 1, 1]",0.00019980019980019983,3,0.5,0.5277777777777778
0,"[0, 0, 1, 0, 4, 0, 0, 0, 1, 0, 2]","[0, 0, 1, 0, 4, 0, 0, 0, 1, 0, 2]",9.99000999000999e-06,5,0.5,0.42105263157894735
1,"[0, 8, 0, 0, 0]","[0, 5, 0, 0, 0]",0.0,5,0.5,0.5925925925925926
2,"[0, 0, 6, 0, 0, 2, 0]","[0, 0, 4, 0, 0, 1, 0]",9.99000999000999e-06,5,0.5,0.6363636363636364
3,"[0, 0, 5, 2, 2, 1, 0, 7, 0, 1, 0, 0]","[0, 0, 4, 2, 1, 1, 0, 4, 0, 1, 0, 0]",1.998001998001998e-05,5,0.5,0.6805555555555557
4,"[5, 0, 0, 1, 0, 0, 1, 1, 0, 0]","[4, 0, 0, 1, 0, 0, 1, 1, 0, 0]",5.994005994005994e-05,5,0.5,0.25
5,"[0, 0, 0, 0, 3, 1, 0, 4, 2, 0]","[0, 0, 0, 0, 3, 1, 0, 3, 1, 0]",0.0,5,0.5,0.5277777777777778
6,"[0, 0, 2, 1, 2, 0, 0, 2, 0, 0, 0]","[0, 0, 1, 1, 1, 0, 0, 2, 0, 0, 0]",9.99000999000999e-06,5,0.5,0.4666666666666667
7,"[2, 1, 0, 0, 0, 0, 0, 3, 2, 0, 0, 7]","[1, 1, 0, 0, 0, 0, 0, 3, 1, 0, 0, 4]",0.0,5,0.5,0.5681818181818182
8,"[0, 0, 1, 1, 0, 0, 0, 6, 1, 0]","[0, 0, 1, 1, 0, 0, 0, 4, 1, 0]",9.99000999000999e-06,5,0.5,0.4375
9,"[0, 7, 0, 5, 0, 2, 0]","[0, 6, 0, 2, 0, 2, 0]",7.992007992007992e-05,5,0.5,0.6590909090909091
0,"[0, 1, 3, 0, 2, 1, 3, 0, 0, 0, 1, 3]","[0, 1, 3, 0, 2, 1, 2, 0, 0, 0, 1, 2]",2.997002997002997e-05,0,0.5644189458423445,0.5681818181818182
1,"[2, 4, 0, 1, 0, 3, 3, 7, 0, 0, 0, 0]","[2, 4, 0, 1, 0, 1, 2, 5, 0, 0, 0, 0]",0.0,0,0.5644189458423445,0.6785714285714286
2,"[3, 1, 1, 0, 6, 0, 0, 17, 0, 0, 0, 0, 0]","[3, 1, 1, 0, 4, 0, 0, 11, 0, 0, 0, 0, 0]",5.994005994005994e-05,0,0.5644189458423445,0.625
3,"[1, 0, 0, 1, 0, 1, 0, 0, 1, 0, 0, 2, 1]","[1, 0, 0, 1, 0, 1, 0, 0, 1, 0, 0, 2, 1]",1.998001998001998e-05,0,0.5644189458423445,0.3333333333333333
4,"[5, 0, 0, 1, 0]","[2, 0, 0, 1, 0]",0.0,0,0.5644189458423445,0.5625
5,"[1, 0, 0, 1, 1, 3, 14, 1, 0, 1]","[1, 0, 0, 1, 1, 3, 9, 1, 0, 1]",1.998001998001998e-05,0,0.5644189458423445,0.6969696969696969
6,"[0, 0, 1, 0, 3]","[0, 0, 1, 0, 3]",9.99000999000999e-06,0,0.5644189458423445,0.5
7,"[0, 0, 0, 0, 2, 3, 0]","[0, 0, 0, 0, 2, 2, 0]",9.99000999000999e-06,0,0.5644189458423445,0.5
8,"[0, 0, 2, 10, 0, 1, 0, 5, 0, 0, 0, 0, 0]","[0, 0, 2, 6, 0, 1, 0, 3, 0, 0, 0, 0, 0]",0.0,0,0.5644189458423445,0.5217391304347826
9,"[1, 1, 0, 0, 2, 0, 0, 2]","[1, 1, 0, 0, 2, 0, 0, 2]",1.998001998001998e-05,0,0.5644189458423445,0.4166666666666667
0,"[0, 0, 0, 0, 0, 0, 0, 0]","[0, 0, 0, 0, 0, 0, 0, 0]",0.0,1,0.5644189458423445,0.0
1,"[2, 0, 0, 0, 1, 1, 0, 2, 0, 2, 7, 0]","[1, 0, 0, 0, 1, 1, 0, 1, 0, 1, 4, 0]",2.997002997002997e-05,1,0.5644189458423445,0.5648148148148148
2,"[0, 0, 1, 0, 0, 0, 1, 3, 1]","[0, 0, 1, 0, 0, 0, 1, 2, 1]",9.99000999000999e-06,1,0.5644189458423445,0.4230769230769231
3,"[0, 1, 0, 0, 4, 1, 2, 0, 0, 0, 1]","[0, 1, 0, 0, 4, 1, 1, 0, 0, 0, 1]",0.0,1,0.5644189458423445,0.45
4,"[0, 0, 5, 5, 1, 0, 0, 1, 8, 1]","[0, 0, 4, 3, 1, 0, 0, 1, 6, 1]",0.0,1,0.5644189458423445,0.6790123456790123
5,"[0, 0, 0, 3, 0, 1]","[0, 0, 0, 2, 0, 1]",0.0,1,0.5644189458423445,0.3888888888888889
6,"[1, 1, 2, 13, 4, 0, 0, 0]","[1, 1, 2, 8, 2, 0, 0, 0]",1.998001998001998e-05,1,0.5644189458423445,0.74
7,"[0, 0, 0, 0, 0, 6, 0, 2, 6, 0]","[0, 0, 0, 0, 0, 6, 0, 2, 4, 0]",2.997002997002997e-05,1,0.5644189458423445,0.6666666666666666
8,"[1, 0, 0, 0, 1, 0, 3, 1]","[1, 0, 0, 0, 1, 0, 1, 1]",0.0,1,0.5644189458423445,0.5
9,"[0, 0, 0, 0, 2, 1, 0, 3]","[0, 0, 0, 0, 2, 1, 0, 2]",9.99000999000999e-06,1,0.5644189458423445,0.5
0,"[0, 16, 4, 7, 3, 4, 1, 0, 0]","[0, 11, 2, 6, 3, 4, 1, 0, 0]",0.0,3,0.5644189458423445,0.8217592592592592
1,"[0, 0, 0, 0, 0, 0, 4, 1, 0, 1, 6, 0]","[0, 0, 0, 0, 0, 0, 3, 1, 0, 1, 3, 0]",1.998001998001998e-05,3,0.5644189458423445,0.5588235294117647
2,"[2, 0, 0, 5, 1, 0]","[2, 0, 0, 3, 1, 0]",0.0,3,0.5644189458423445,0.5
3,"[0, 0, 2, 0, 1, 0]","[0, 0, 2, 0, 1, 0]",9.99000999000999e-06,3,0.5644189458423445,0.375
4,"[0, 0, 0, 0, 1, 6]","[0, 0, 0, 0, 1, 3]",0.0,3,0.5644189458423445,0.5166666666666666
5,"[2, 0, 0, 0, 3, 1, 1, 1, 1, 1]","[2, 0, 0, 0, 3, 1, 1, 1, 1, 1]",0.0,3,0.5644189458423445,0.45454545454545453
6,"[3, 0, 0, 8, 0]","[2, 0, 0, 5, 0]",0.0,3,0.5644189458423445,0.7575757575757577
7,"[3, 2, 1, 3, 0, 0, 3, 3, 0, 0]","[2, 1, 1, 3, 0, 0, 2, 2, 0, 0]",3.996003996003996e-05,3,0.5644189458423445,0.6052631578947368
8,"[1, 3, 1, 1, 0, 0, 0, 0]","[1, 2, 1, 1, 0, 0, 0, 0]",9.99000999000999e-06,3,0.5644189458423445,0.4230769230769231
9,"[0, 0, 0, 0, 0, 0, 0, 0, 0, 3]","[0, 0, 0, 0, 0, 0, 0, 0, 0, 3]",1.998001998001998e-05,3,0.5644189458423445,0.2727272727272727
0,"[1, 2, 0, 2, 0]","[1, 1, 0, 2, 0]",0.0,5,0.5644189458423445,0.5555555555555556
1,"[5, 0, 1, 0, 0, 0, 0, 0, 2, 0]","[4, 0, 1, 0, 0, 0, 0, 0, 2, 0]",5.994005994005995e-05,5,0.5644189458423445,0.25
2,"[8, 0, 1, 6, 0, 0, 1, 2, 3, 0, 1, 1, 1, 0, 3, 1]","[7, 0, 1, 4, 0, 0, 1, 1, 1, 0, 1, 1, 1, 0, 2, 1]",0.0,5,0.5644189458423445,0.6851851851851851
3,"[4, 0, 0, 1, 0]","[3, 0, 0, 1, 0]",0.0,5,0.5644189458423445,0.5
4,"[0, 0, 2, 10, 3]","[0, 0, 2, 6, 1]",0.0,5,0.5644189458423445,0.858974358974359
5,"[3, 0, 1, 2, 0, 0, 0, 9]","[2, 0, 1, 2, 0, 0, 0, 5]",3.996003996003996e-05,5,0.5644189458423445,0.5961538461538461
6,"[0, 0, 0, 1, 0, 0, 10, 0, 7, 0, 2]","[0, 0, 0, 1, 0, 0, 6, 0, 5, 0, 2]",1.998001998001998e-05,5,0.5644189458423445,0.7028985507246376
7,"[0, 0, 0, 0, 0, 0, 4, 1]","[0, 0, 0, 0, 0, 0, 3, 1]",0.0,5,0.5644189458423445,0.375
8,"[1, 0, 0, 0, 0, 0, 1, 1, 4, 0, 2, 6, 0]","[1, 0, 0, 0, 0, 0, 1, 1, 3, 0, 2, 6, 0]",1.998001998001998e-05,5,0.5644189458423445,0.5416666666666666
9,"[2, 0, 5, 0, 0, 0, 2, 1, 0, 1, 1, 2, 0, 0]","[2, 0, 4, 0, 0, 0, 2, 1, 0, 1, 1, 2, 0, 0]",3.996003996003996e-05,5,0.5644189458423445,0.4423076923076923
0,"[0, 4, 2, 0, 7, 0, 0, 5, 8, 1, 0, 0, 1]","[0, 2, 2, 0, 4, 0, 0, 4, 5, 1, 0, 0, 1]",8.991008991008991e-05,0,0.6371374928515668,0.7013888888888888
1,"[1, 0, 0, 0, 46, 0, 3, 3, 0, 2]","[1, 0, 0, 0, 32, 0, 3, 3, 0, 2]",2.997002997002997e-05,0,0.6371374928515668,0.859722222222222
2,"[5, 0, 5, 1, 0, 0, 1, 22, 2, 0, 0]","[5, 0, 3, 1, 0, 0, 1, 13, 2, 0, 0]",5.994005994005994e-05,0,0.6371374928515668,0.7442028985507246
3,"[0, 0, 4, 0, 0, 0, 0, 0, 2, 1, 0, 0, 6, 0, 2]","[0, 0, 4, 0, 0, 0, 0, 0, 1, 1, 0, 0, 3, 0, 1]",9.99000999000999e-06,0,0.6371374928515668,0.5652173913043478
4,"[15, 0, 0, 0, 1, 7, 3, 0, 0, 0, 4, 0]","[12, 0, 0, 0, 1, 5, 2, 0, 0, 0, 2, 0]",0.00015984015984015984,0,0.6371374928515668,0.5666666666666667
5,"[0, 10, 0, 2, 0, 2, 3, 8, 0, 0, 0]","[0, 8, 0, 2, 0, 2, 2, 4, 0, 0, 0]",9.99000999000999e-06,0,0.6371374928515668,0.7470238095238094
6,"[1, 0, 2, 0, 0, 0, 0, 32, 0, 0, 0]","[1, 0, 2, 0, 0, 0, 0, 19, 0, 0, 0]",1.998001998001998e-05,0,0.6371374928515668,0.6461904761904762
7,"[0, 1, 0, 0, 0, 0, 0, 1, 0, 0, 3, 0, 0]","[0, 1, 0, 0, 0, 0, 0, 1, 0, 0, 2, 0, 0]",9.99000999000999e-06,0,0.6371374928515668,0.2647058823529412
8,"[6, 1, 4, 0, 2, 8, 0, 0]","[6, 1, 3, 0, 2, 5, 0, 0]",0.0,0,0.6371374928515668,0.717948717948718
9,"[7, 0, 2, 1, 2, 12, 0, 0, 0, 2, 0]","[5, 0, 2, 1, 1, 7, 0, 0, 0, 2, 0]",7.992007992007992e-05,0,0.6371374928515668,0.644927536231884
0,"[0, 7, 1, 0, 1]","[0, 5, 1, 0, 1]",9.990009990009989e-05,1,0.6371374928515668,0.4
1,"[0, 0, 0, 2, 1, 2, 3]","[0, 0, 0, 1, 1, 1, 2]",9.99000999000999e-06,1,0.6371374928515668,0.7272727272727273
2,"[0, 0, 1, 0, 0, 1, 4, 1]","[0, 0, 1, 0, 0, 1, 4, 1]",1.998001998001998e-05,1,0.6371374928515668,0.5384615384615384
3,"[0, 9, 1, 0, 1, 0, 0, 0]","[0, 6, 1, 0, 1, 0, 0, 0]",9.99000999000999e-06,1,0.6371374928515668,0.6071428571428571
4,"[0, 1, 0, 10, 8, 4, 2, 15, 3, 0, 0]","[0, 1, 0, 7, 5, 4, 2, 13, 2, 0, 0]",2.997002997002997e-05,1,0.6371374928515668,0.8693693693693693
5,"[0, 6, 0, 0, 1, 0, 0, 0, 0, 8]","[0, 6, 0, 0, 1, 0, 0, 0, 0, 6]",9.99000999000999e-06,1,0.6371374928515668,0.5833333333333333
6,"[0, 0, 0, 1, 0, 13, 4, 0, 0, 0, 1, 2, 0, 0, 2, 0, 0, 6]","[0, 0, 0, 1, 0, 6, 3, 0, 0, 0, 1, 2, 0, 0, 2, 0, 0, 3]",0.0,1,0.6371374928515668,0.5931972789115646
7,"[12, 0, 6, 7, 1, 0, 0, 24, 2, 2, 0, 0, 1, 0, 0, 1, 1]","[7, 0, 4, 5, 1, 0, 0, 15, 2, 2, 0, 0, 1, 0, 0, 1, 1]",0.00012987012987012987,1,0.6371374928515668,0.7677304964539006
8,"[0, 0, 1, 1, 0, 3, 11, 15, 0, 0, 0, 0, 1, 0]","[0, 0, 1, 1, 0, 2, 7, 11, 0, 0, 0, 0, 1, 0]",9.99000999000999e-06,1,0.6371374928515668,0.7096774193548387
9,"[0, 0, 4, 3, 1, 5, 1, 8]","[0, 0, 3, 2, 1, 3, 1, 5]",9.99000999000999e-06,1,0.6371374928515668,0.8409090909090909
0,"[1, 0, 0, 0, 0, 0, 2, 0, 0, 0]","[1, 0, 0, 0, 0, 0, 2, 0, 0, 0]",1.998001998001998e-05,3,0.6371374928515668,0.18181818181818182
1,"[0, 3, 12, 0, 1, 8, 0, 0, 0]","[0, 3, 9, 0, 1, 7, 0, 0, 0]",0.0,3,0.6371374928515668,0.7241379310344828
2,"[1, 2, 2, 0, 0, 0, 0, 1, 1]","[1, 2, 1, 0, 0, 0, 0, 1, 1]",1.998001998001998e-05,3,0.6371374928515668,0.42857142857142855
3,"[0, 4, 0, 1, 0, 0, 5]","[0, 3, 0, 1, 0, 0, 2]",0.0,3,0.6371374928515668,0.5714285714285714
4,"[2, 3, 2, 2, 5, 2, 0]","[2, 2, 2, 1, 4, 2, 0]",2.997002997002997e-05,3,0.6371374928515668,0.7941176470588235
5,"[0, 0, 3, 1, 0, 1, 0, 0, 9, 3, 1, 0]","[0, 0, 2, 1, 0, 1, 0, 0, 8, 3, 1, 0]",0.0,3,0.6371374928515668,0.6153846153846154
6,"[0, 5, 1, 0, 0, 11, 1, 2, 0, 3, 0, 2, 8, 0, 0]","[0, 5, 1, 0, 0, 8, 1, 2, 0, 2, 0, 2, 5, 0, 0]",0.0,3,0.6371374928515668,0.6907894736842105
7,"[5, 0, 1, 12, 2, 0, 0, 9, 4, 1, 0]","[5, 0, 1, 6, 2, 0, 0, 8, 3, 1, 0]",5.994005994005994e-05,3,0.6371374928515668,0.75
8,"[3, 4, 1, 1, 1, 9]","[2, 3, 1, 1, 1, 8]",0.0,3,0.6371374928515668,0.7857142857142857
9,"[5, 1, 2, 0, 0, 1, 0, 2, 0, 0, 3, 2, 0]","[4, 1, 2, 0, 0, 1, 0, 2, 0, 0, 2, 2, 0]",0.0,3,0.6371374928515668,0.5576923076923077
0,"[0, 0, 0, 2, 21, 3, 1, 0, 0, 0, 0]","[0, 0, 0, 2, 12, 3, 1, 0, 0, 0, 0]",9.99000999000999e-06,5,0.6371374928515668,0.632051282051282
1,"[0, 1, 0, 0, 4, 1, 0, 0]","[0, 1, 0, 0, 3, 1, 0, 0]",0.0,5,0.6371374928515668,0.4230769230769231
2,"[2, 19, 0, 2, 0, 1, 0, 1, 0]","[2, 12, 0, 2, 0, 1, 0, 1, 0]",2.997002997002997e-05,5,0.6371374928515668,0.7192982456140351
3,"[3, 0, 2, 0, 0, 0, 0, 1, 0, 4]","[3, 0, 2, 0, 0, 0, 0, 1, 0, 2]",3.996003996003996e-05,5,0.6371374928515668,0.4523809523809524
4,"[0, 15, 0, 0, 4, 3, 0, 2, 0]","[0, 11, 0, 0, 3, 2, 0, 2, 0]",9.99000999000999e-06,5,0.6371374928515668,0.7733333333333334
5,"[8, 2, 1, 0, 2, 0, 1, 1, 11, 2, 17]","[5, 1, 1, 0, 2, 0, 1, 1, 6, 2, 10]",8.991008991008991e-05,5,0.6371374928515668,0.8166666666666667
6,"[2, 0, 0, 10, 0, 0, 1, 0, 0, 0, 4, 7, 0, 1]","[1, 0, 0, 7, 0, 0, 1, 0, 0, 0, 3, 5, 0, 1]",3.996003996003996e-05,5,0.6371374928515668,0.6538461538461539
7,"[2, 1, 1, 1, 0, 1, 3]","[1, 1, 1, 1, 0, 1, 3]",0.0,5,0.6371374928515668,0.6
8,"[0, 1, 0, 9, 1, 0]","[0, 1, 0, 7, 1, 0]",3.996003996003996e-05,5,0.6371374928515668,0.7708333333333333
9,"[2, 0, 1, 0, 0, 0, 1, 0]","[1, 0, 1, 0, 0, 0, 1, 0]",0.0,5,0.6371374928515668,0.36363636363636365
0,"[10, 3, 0, 1, 16, 0, 0, 4, 0]","[7, 2, 0, 1, 12, 0, 0, 2, 0]",0.00010989010989010989,0,0.7192249441438314,0.7859649122807019
1,"[9, 0, 0, 6, 2, 0, 1, 0, 0, 0, 0, 0, 0, 1, 0]","[6, 0, 0, 5, 2, 0, 1, 0, 0, 0, 0, 0, 0, 1, 0]",0.00010989010989010989,0,0.7192249441438314,0.41304347826086957
2,"[10, 0, 2, 1, 0, 0, 1, 4, 10, 7, 3, 4, 2, 1]","[6, 0, 2, 1, 0, 0, 1, 3, 7, 6, 2, 3, 2, 1]",0.0001198801198801199,0,0.7192249441438314,0.7297297297297297
3,"[0, 7, 3, 5, 6, 1, 0, 0, 1]","[0, 6, 1, 4, 4, 1, 0, 0, 1]",0.0,0,0.7192249441438314,0.7692307692307693
4,"[0, 1, 1, 9, 2, 0, 0, 6, 0, 0]","[0, 1, 1, 6, 2, 0, 0, 3, 0, 0]",0.00013986013986013983,0,0.7192249441438314,0.5256410256410257
5,"[8, 1, 0, 0]","[5, 1, 0, 0]",0.00010989010989010989,0,0.7192249441438314,0.0
6,"[0, 12, 0, 0, 2, 0, 1]","[0, 8, 0, 0, 1, 0, 1]",0.00013986013986013986,0,0.7192249441438314,0.42857142857142855
7,"[1, 2, 6, 0, 1, 0, 2, 1]","[1, 1, 4, 0, 1, 0, 2, 1]",1.998001998001998e-05,0,0.7192249441438314,0.6777777777777777
8,"[8, 2, 0, 10, 1, 9, 13, 1, 3, 5]","[5, 2, 0, 7, 1, 6, 9, 1, 3, 4]",0.00010989010989010989,0,0.7192249441438314,0.9099099099099098
9,"[1, 0, 0, 2, 0, 1, 2, 0, 3, 0, 0, 1, 4, 3, 0, 0]","[1, 0, 0, 1, 0, 1, 2, 0, 3, 0, 0, 1, 3, 3, 0, 0]",0.0,0,0.7192249441438314,0.5483870967741935
0,"[1, 2, 0, 0, 0, 9, 0, 0, 1, 7, 4]","[1, 2, 0, 0, 0, 7, 0, 0, 1, 5, 3]",1.998001998001998e-05,1,0.7192249441438314,0.6358024691358024
1,"[11, 17, 0, 1, 2, 2, 1, 0, 0, 0]","[10, 10, 0, 1, 2, 2, 1, 0, 0, 0]",0.0,1,0.7192249441438314,0.7452380952380953
2,"[0, 13, 0, 3, 1, 14, 0, 3, 0, 1, 1, 1, 3]","[0, 10, 0, 2, 1, 8, 0, 2, 0, 1, 1, 1, 2]",0.0001998001998001998,1,0.7192249441438314,0.7182539682539681
3,"[0, 9, 13, 0, 1, 7, 9, 2]","[0, 8, 10, 0, 1, 5, 6, 2]",0.0,1,0.7192249441438314,0.9054054054054054
4,"[0, 4, 1, 3, 2, 1, 0, 1, 1, 4, 0, 0]","[0, 3, 1, 2, 1, 1, 0, 1, 1, 2, 0, 0]",0.0,1,0.7192249441438314,0.6
5,"[5, 0, 2, 20, 0, 3, 1, 8]","[3, 0, 1, 13, 0, 2, 1, 6]",0.0,1,0.7192249441438314,0.9057471264367816
6,"[1, 0, 4, 28, 0, 4, 2, 1]","[1, 0, 3, 20, 0, 3, 2, 1]",1.998001998001998e-05,1,0.7192249441438314,0.8950617283950616
7,"[1, 2, 4, 1, 0, 2, 0, 0, 0, 0, 6, 0, 0]","[1, 2, 3, 1, 0, 1, 0, 0, 0, 0, 4, 0, 0]",0.0,1,0.7192249441438314,0.58
8,"[1, 1, 0, 0, 0, 1, 6, 0, 0, 2]","[1, 1, 0, 0, 0, 1, 4, 0, 0, 1]",0.0,1,0.7192249441438314,0.574074074074074
9,"[0, 0, 1, 0, 0, 0, 3, 3, 17, 2, 3, 0, 0, 1]","[0, 0, 1, 0, 0, 0, 2, 3, 14, 1, 3, 0, 0, 1]",0.0,1,0.7192249441438314,0.7072072072072071
0,"[1, 0, 1, 0, 0, 3, 2]","[1, 0, 1, 0, 0, 3, 2]",0.0,3,0.7192249441438314,0.5
1,"[0, 0, 9, 1, 0, 6, 0, 0, 0, 1]","[0, 0, 8, 1, 0, 5, 0, 0, 0, 1]",0.0001198801198801199,3,0.7192249441438314,0.5384615384615384
2,"[1, 4, 0, 5, 3, 4, 2, 1, 1, 0]","[1, 3, 0, 2, 2, 2, 2, 1, 1, 0]",7.992007992007992e-05,3,0.7192249441438314,0.7745098039215685
3,"[1, 4, 6, 2, 0, 0, 8, 1, 1, 0, 6]","[1, 3, 4, 1, 0, 0, 4, 1, 1, 0, 4]",0.00013986013986013986,3,0.7192249441438314,0.7291666666666667
4,"[9, 0, 0, 0, 0, 0, 2, 3]","[7, 0, 0, 0, 0, 0, 2, 3]",9.99000999000999e-05,3,0.7192249441438314,0.4166666666666667
5,"[1, 0, 1, 0, 2, 3, 11, 0, 12, 0, 1, 0, 0, 27]","[1, 0, 1, 0, 2, 2, 7, 0, 7, 0, 1, 0, 0, 17]",1.998001998001998e-05,3,0.7192249441438314,0.7906504065040649
6,"[4, 3, 0, 1, 0, 0, 1, 4, 0, 1, 1]","[3, 2, 0, 1, 0, 0, 1, 4, 0, 1, 1]",4.995004995004995e-05,3,0.7192249441438314,0.55
7,"[3, 4, 1, 3, 0, 5]","[3, 3, 1, 3, 0, 4]",3.996003996003996e-05,3,0.7192249441438314,0.7352941176470589
8,"[0, 0, 0, 1, 2, 1, 3, 9, 0, 0, 0]","[0, 0, 0, 1, 1, 1, 2, 5, 0, 0, 0]",0.0,3,0.7192249441438314,0.5833333333333334
9,"[2, 0, 1, 0, 0, 6, 2, 0, 0, 7, 0, 0, 2]","[2, 0, 1, 0, 0, 4, 1, 0, 0, 5, 0, 0, 2]",6.993006993006993e-05,3,0.7192249441438314,0.7651515151515152
0,"[1, 0, 0, 1, 1, 0, 0, 0, 0, 3, 1]","[1, 0, 0, 1, 1, 0, 0, 0, 0, 3, 1]",1.998001998001998e-05,5,0.7192249441438314,0.375
1,"[3, 0, 2, 0, 1, 1, 0, 0, 8]","[1, 0, 2, 0, 1, 1, 0, 0, 6]",0.0,5,0.7192249441438314,0.6929824561403508
2,"[1, 1, 1, 17, 0, 1, 2, 0, 10, 0, 1, 0]","[1, 1, 1, 13, 0, 1, 2, 0, 7, 0, 1, 0]",5.994005994005994e-05,5,0.7192249441438314,0.6955128205128205
3,"[7, 9, 2, 0, 1, 0, 3, 0, 1, 0, 2]","[5, 5, 2, 0, 1, 0, 3, 0, 1, 0, 2]",0.0,5,0.7192249441438314,0.6896551724137931
4,"[4, 0, 2, 18, 12, 8, 4, 0, 0]","[3, 0, 1, 13, 8, 5, 4, 0, 0]",4.995004995004995e-05,5,0.7192249441438314,0.8452380952380953
5,"[0, 0, 2, 0, 0, 5, 0, 1, 0, 0, 0, 1, 1, 0]","[0, 0, 2, 0, 0, 5, 0, 1, 0, 0, 0, 1, 1, 0]",1.998001998001998e-05,5,0.7192249441438314,0.43478260869565216
6,"[0, 2, 1, 3, 2]","[0, 2, 1, 3, 2]",9.99000999000999e-06,5,0.7192249441438314,0.6666666666666666
7,"[14, 1, 8, 14, 5, 2, 0, 0, 0]","[9, 1, 6, 10, 4, 1, 0, 0, 0]",4.995004995004995e-05,5,0.7192249441438314,0.7962962962962963
8,"[0, 2, 12, 2, 0, 1, 0, 0, 0, 1, 1]","[0, 2, 7, 1, 0, 1, 0, 0, 0, 1, 1]",9.99000999000999e-06,5,0.7192249441438314,0.615079365079365
9,"[0, 4, 1, 5, 0, 1, 5, 0, 0, 11, 0, 2, 0, 0, 0, 0]","[0, 3, 1, 3, 0, 1, 2, 0, 0, 9, 0, 1, 0, 0, 0, 0]",9.99000999000999e-06,5,0.7192249441438314,0.702020202020202
0,"[1, 0, 0, 0, 11, 0, 1, 0]","[1, 0, 0, 0, 7, 0, 1, 0]",1.998001998001998e-05,0,0.8118883695943608,0.6190476190476192
1,"[0, 0, 16, 3, 0, 3, 0, 0, 23, 38]","[0, 0, 12, 2, 0, 2, 0, 0, 14, 25]",0.0,0,0.8118883695943608,0.9251190476190476
2,"[1, 9, 8, 0, 3, 0, 1, 0, 3]","[1, 5, 6, 0, 3, 0, 1, 0, 1]",0.0,0,0.8118883695943608,0.7604166666666666
3,"[1, 0, 0, 0, 0, 0, 39, 1, 0]","[1, 0, 0, 0, 0, 0, 26, 1, 0]",1.998001998001998e-05,0,0.8118883695943608,0.8470238095238096
4,"[9, 8, 0, 1, 15, 0, 0, 4, 23]","[6, 6, 0, 1, 11, 0, 0, 3, 14]",0.0001898101898101898,0,0.8118883695943608,0.9117647058823529
5,"[0, 1, 0, 0, 0, 1, 0]","[0, 1, 0, 0, 0, 1, 0]",0.0,0,0.8118883695943608,0.2222222222222222
6,"[0, 3, 2, 0, 0, 8, 4, 2, 3, 16, 1]","[0, 2, 2, 0, 0, 7, 3, 2, 2, 9, 1]",5.994005994005995e-05,0,0.8118883695943608,0.803763440860215
7,"[0, 0, 0, 0, 0, 0, 1, 4, 1, 0, 2, 5, 1, 1, 1]","[0, 0, 0, 0, 0, 0, 1, 2, 1, 0, 2, 3, 1, 1, 1]",1.998001998001998e-05,0,0.8118883695943608,0.54
8,"[1, 0, 1, 2, 7]","[1, 0, 1, 2, 5]",0.0,0,0.8118883695943608,0.6538461538461539
9,"[0, 0, 2, 2, 0, 2, 10]","[0, 0, 2, 1, 0, 2, 8]",9.99000999000999e-06,0,0.8118883695943608,0.7745098039215685
0,"[3, 0, 0, 2, 0, 0, 15, 2, 11, 12, 5, 0]","[2, 0, 0, 2, 0, 0, 11, 2, 6, 9, 3, 0]",8.991008991008991e-05,1,0.8118883695943608,0.8468468468468469
1,"[0, 3, 10, 2, 3, 0, 0, 0, 2, 1, 0]","[0, 3, 7, 2, 2, 0, 0, 0, 2, 1, 0]",0.0,1,0.8118883695943608,0.6666666666666666
2,"[1, 2, 0, 12, 21, 0, 0, 4, 0, 3]","[1, 2, 0, 10, 16, 0, 0, 3, 0, 3]",4.995004995004995e-05,1,0.8118883695943608,0.8859649122807017
3,"[14, 59, 1, 0, 0, 0, 0, 0, 1, 3, 22]","[10, 40, 1, 0, 0, 0, 0, 0, 1, 2, 15]",0.00014985014985014988,1,0.8118883695943608,0.8743788819875775
4,"[0, 0, 1, 3, 0, 79, 0, 8, 2, 17]","[0, 0, 1, 2, 0, 52, 0, 6, 1, 10]",1.998001998001998e-05,1,0.8118883695943608,0.9764194139194138
5,"[15, 6, 3, 3, 0, 0, 0, 1, 10, 0, 0]","[8, 5, 3, 3, 0, 0, 0, 1, 7, 0, 0]",0.0001898101898101898,1,0.8118883695943608,0.6607142857142857
6,"[0, 0, 3, 0, 44, 0, 2, 0, 2, 17, 0, 0]","[0, 0, 2, 0, 27, 0, 2, 0, 2, 12, 0, 0]",0.0,1,0.8118883695943608,0.8007936507936508
7,"[5, 25, 2, 25, 8, 4]","[5, 16, 2, 14, 5, 2]",5.994005994005994e-05,1,0.8118883695943608,1.1261904761904764
8,"[0, 18, 5, 17, 5, 0, 1, 0, 1, 0, 0]","[0, 12, 4, 9, 5, 0, 1, 0, 1, 0, 0]",9.99000999000999e-06,1,0.8118883695943608,0.9166666666666666
9,"[4, 3, 2, 1, 6, 0]","[3, 2, 2, 1, 3, 0]",4.995004995004995e-05,1,0.8118883695943608,0.8205128205128205
0,"[0, 2, 7, 1, 0, 0, 0, 0, 0]","[0, 2, 4, 1, 0, 0, 0, 0, 0]",0.00011988011988011988,3,0.8118883695943608,0.14285714285714285
1,"[13, 0, 0, 3, 8, 1, 2, 1, 0]","[11, 0, 0, 2, 5, 1, 2, 1, 0]",0.00014985014985014988,3,0.8118883695943608,0.7450980392156863
2,"[2, 0, 1, 1, 1, 6, 11]","[2, 0, 1, 1, 1, 5, 7]",0.0,3,0.8118883695943608,0.7817460317460316
3,"[2, 7, 0]","[1, 5, 0]",0.0,3,0.8118883695943608,0.8888888888888888
4,"[13, 2, 0, 0, 0, 1]","[9, 2, 0, 0, 0, 1]",0.0,3,0.8118883695943608,0.71875
5,"[0, 0, 0, 0, 7, 0]","[0, 0, 0, 0, 5, 0]",1.998001998001998e-05,3,0.8118883695943608,0.6458333333333333
6,"[0, 0, 1, 5, 0]","[0, 0, 1, 3, 0]",9.99000999000999e-06,3,0.8118883695943608,0.5555555555555556
7,"[8, 2, 7, 0, 0, 2, 0, 0, 0, 0, 3, 2, 17, 7, 3, 2]","[5, 2, 3, 0, 0, 1, 0, 0, 0, 0, 1, 2, 8, 6, 2, 2]",8.991008991008991e-05,3,0.8118883695943608,0.8728070175438596
8,"[0, 4, 3, 0, 0]","[0, 2, 2, 0, 0]",0.0,3,0.8118883695943608,0.7037037037037037
9,"[3, 0, 2, 2, 0, 14, 4]","[2, 0, 2, 1, 0, 10, 3]",3.996003996003996e-05,3,0.8118883695943608,0.8166666666666668
0,"[0, 1, 17, 3, 1, 1, 0, 5, 2, 3, 11, 0, 0, 0]","[0, 1, 11, 3, 1, 1, 0, 4, 2, 3, 8, 0, 0, 0]",0.0002097902097902098,5,0.8118883695943608,0.6510416666666666
1,"[0, 3, 4, 0, 3, 1, 0, 0, 4, 0]","[0, 2, 4, 0, 3, 1, 0, 0, 2, 0]",4.995004995004995e-05,5,0.8118883695943608,0.5789473684210527
2,"[0, 6, 1, 0, 0, 0, 25]","[0, 5, 1, 0, 0, 0, 17]",9.99000999000999e-06,5,0.8118883695943608,0.8492063492063492
3,"[0, 0, 5, 0, 2, 0, 2, 21, 0]","[0, 0, 4, 0, 2, 0, 2, 15, 0]",1.998001998001998e-05,5,0.8118883695943608,0.845679012345679
4,"[8, 0, 18, 0, 1, 0, 2, 0, 15, 1, 0, 0, 5, 22]","[5, 0, 13, 0, 1, 0, 1, 0, 10, 1, 0, 0, 4, 16]",8.991008991008991e-05,5,0.8118883695943608,0.8718518518518519
5,"[3, 3, 0, 0, 1, 0, 3, 1, 2, 0, 2]","[2, 3, 0, 0, 1, 0, 3, 1, 2, 0, 1]",7.992007992007992e-05,5,0.8118883695943608,0.5294117647058824
6,"[16, 0, 6, 10]","[8, 0, 4, 7]",0.00015984015984015984,5,0.8118883695943608,0.8974358974358974
7,"[0, 8, 0, 0, 0, 16, 9, 3, 0, 8, 9, 0]","[0, 7, 0, 0, 0, 10, 5, 2, 0, 5, 6, 0]",9.99000999000999e-06,5,0.8118883695943608,0.8833333333333332
8,"[0, 0, 0, 4, 0, 5, 0]","[0, 0, 0, 3, 0, 2, 0]",0.0,5,0.8118883695943608,0.5972222222222222
9,"[0, 0, 5, 3, 0, 0, 2, 1]","[0, 0, 3, 2, 0, 0, 1, 1]",1.998001998001998e-05,5,0.8118883695943608,0.6923076923076923
0,"[71, 1, 0, 23, 16, 12, 45, 41, 1]","[48, 1, 0, 14, 10, 10, 31, 27, 1]",0.0,0,0.9164903554162179,1.055592469545958
1,"[51, 0, 2, 0, 2, 5, 0, 0, 2, 24]","[33, 0, 2, 0, 2, 3, 0, 0, 1, 19]",0.0005194805194805195,0,0.9164903554162179,0.8904761904761904
2,"[0, 7, 0, 0, 0, 0, 1, 0]","[0, 6, 0, 0, 0, 0, 1, 0]",9.990009990009989e-05,0,0.9164903554162179,0.14285714285714285
3,"[1, 0, 0, 1, 7, 6, 1, 0, 1]","[1, 0, 0, 1, 4, 5, 1, 0, 1]",0.0,0,0.9164903554162179,0.7272727272727273
4,"[73, 2, 0, 2, 1, 2, 18, 2, 0]","[46, 2, 0, 2, 1, 2, 12, 2, 0]",0.0006993006993006993,0,0.9164903554162179,0.7388888888888888
5,"[11, 2, 11, 1, 0, 0]","[7, 2, 7, 1, 0, 0]",0.0,0,0.9164903554162179,0.8809523809523809
6,"[45, 0, 96, 4, 0, 13]","[28, 0, 59, 2, 0, 8]",0.0003896103896103896,0,0.9164903554162179,1.0413690476190476
7,"[0, 33, 37, 4, 3, 0, 0, 0, 1]","[0, 20, 21, 3, 2, 0, 0, 0, 1]",0.0003496503496503497,0,0.9164903554162179,0.8654761904761905
8,"[0, 3, 0, 0, 1, 20, 1]","[0, 2, 0, 0, 1, 13, 1]",0.0,0,0.9164903554162179,0.7017543859649122
9,"[13, 17, 8, 0, 0, 1, 0, 0, 0, 0, 0, 22, 0, 0, 30]","[9, 12, 6, 0, 0, 1, 0, 0, 0, 0, 0, 15, 0, 0, 19]",0.00029970029970029975,0,0.9164903554162179,0.7847729789590256
0,"[0, 55, 3, 3, 44, 4, 2, 3, 0, 3, 0]","[0, 37, 3, 3, 27, 3, 2, 2, 0, 3, 0]",9.99000999000999e-06,1,0.9164903554162179,0.9654978354978355
1,"[0, 16, 0, 0, 5, 5, 9, 3, 0, 2, 0]","[0, 9, 0, 0, 4, 5, 7, 2, 0, 2, 0]",0.0,1,0.9164903554162179,0.7571428571428571
2,"[0, 1, 0, 0, 0, 0, 16, 5, 0, 1, 4]","[0, 1, 0, 0, 0, 0, 10, 4, 0, 1, 4]",9.99000999000999e-06,1,0.9164903554162179,0.6388888888888888
3,"[0, 34, 21, 8, 14]","[0, 22, 13, 7, 10]",0.0,1,0.9164903554162179,1.0120789779326365
4,"[9, 0, 7, 9, 0, 13, 3, 6, 0, 1, 4, 0, 16]","[6, 0, 4, 6, 0, 9, 3, 4, 0, 1, 3, 0, 10]",4.995004995004995e-05,1,0.9164903554162179,0.9421985815602837
5,"[1, 0, 8, 1, 0, 1, 11, 8]","[1, 0, 7, 1, 0, 1, 8, 5]",0.0,1,0.9164903554162179,0.7202380952380951
6,"[1, 0, 3, 2, 0, 1, 3, 3, 3, 0, 17, 50, 12]","[1, 0, 3, 2, 0, 1, 2, 3, 2, 0, 11, 35, 8]",0.0,1,0.9164903554162179,0.903825136612022
7,"[30, 0, 32, 3, 1, 0, 13, 0, 7, 0, 11, 0]","[21, 0, 23, 2, 1, 0, 7, 0, 5, 0, 8, 0]",0.0001898101898101898,1,0.9164903554162179,0.9203504043126683
8,"[3, 26, 76, 0, 5, 1, 7]","[3, 18, 51, 0, 5, 1, 5]",0.0003096903096903097,1,0.9164903554162179,0.9064311950675586
9,"[6, 3, 7, 4, 0, 3]","[4, 2, 4, 3, 0, 3]",0.0001098901098901099,1,0.9164903554162179,0.75
0,"[10, 0, 15, 0, 2, 2, 2, 27, 15, 0, 5, 24]","[7, 0, 10, 0, 2, 1, 1, 16, 8, 0, 4, 18]",0.0001098901098901099,3,0.9164903554162179,0.9592261904761905
1,"[2, 10, 3, 1, 0, 1, 64, 1, 0, 12, 1, 0]","[2, 8, 3, 1, 0, 1, 38, 1, 0, 5, 1, 0]",0.00017982017982017985,3,0.9164903554162179,0.8680555555555555
2,"[13, 0, 0, 0, 0, 0, 1, 0, 0]","[8, 0, 0, 0, 0, 0, 1, 0, 0]",0.0,3,0.9164903554162179,0.3935185185185185
3,"[0, 1, 0, 5, 0, 1, 4, 0, 3, 0]","[0, 1, 0, 3, 0, 1, 3, 0, 2, 0]",9.99000999000999e-06,3,0.9164903554162179,0.6578947368421053
4,"[5, 6, 0, 32, 10, 10, 1, 0, 0, 2]","[4, 4, 0, 20, 7, 9, 1, 0, 0, 1]",0.00013986013986013986,3,0.9164903554162179,0.901388888888889
5,"[0, 3, 0, 2, 0, 0, 18, 1, 0, 19]","[0, 3, 0, 2, 0, 0, 13, 1, 0, 11]",0.0,3,0.9164903554162179,0.7404040404040404
6,"[2, 0, 0, 0, 0, 0, 18, 0, 36, 10, 1]","[2, 0, 0, 0, 0, 0, 11, 0, 25, 7, 1]",2.997002997002997e-05,3,0.9164903554162179,0.8781481481481481
7,"[0, 1, 0, 5, 0, 6, 1, 1, 0, 15, 0, 0]","[0, 1, 0, 4, 0, 3, 1, 1, 0, 9, 0, 0]",0.0,3,0.9164903554162179,0.7253086419753088
8,"[3, 0, 1, 0, 0, 0, 0]","[2, 0, 1, 0, 0, 0, 0]",0.0,3,0.9164903554162179,0.36363636363636365
9,"[2, 36, 0, 0, 0, 0]","[2, 23, 0, 0, 0, 0]",0.0,3,0.9164903554162179,0.8116666666666668
0,"[1, 0, 0, 26, 4, 1, 0, 0]","[1, 0, 0, 14, 3, 1, 0, 0]",2.997002997002997e-05,5,0.9164903554162179,0.8826984126984126
1,"[35, 0, 0, 2, 8, 21, 0, 1, 4, 0]","[22, 0, 0, 2, 6, 12, 0, 1, 2, 0]",0.00029970029970029975,5,0.9164903554162179,0.8553921568627451
2,"[2, 1, 2, 0, 10, 1, 8]","[2, 1, 2, 0, 7, 1, 6]",0.0,5,0.9164903554162179,0.789855072463768
3,"[0, 0, 0, 4, 31, 7, 0]","[0, 0, 0, 3, 19, 5, 0]",1.998001998001998e-05,5,0.9164903554162179,1.003416149068323
4,"[1, 2, 1, 2, 2, 0, 10, 23, 1]","[1, 1, 1, 2, 2, 0, 7, 12, 1]",0.0,5,0.9164903554162179,0.8523809523809525
5,"[0, 0, 1, 0, 4, 1, 3, 2, 3]","[0, 0, 1, 0, 1, 1, 2, 1, 2]",9.99000999000999e-06,5,0.9164903554162179,0.8125
6,"[1, 1, 2, 7, 35, 2, 1]","[1, 1, 2, 3, 25, 1, 1]",0.0,5,0.9164903554162179,0.9077777777777777
7,"[0, 3, 5, 1, 0, 0, 0, 0, 0, 0, 34, 4]","[0, 2, 3, 1, 0, 0, 0, 0, 0, 0, 23, 3]",9.99000999000999e-06,5,0.9164903554162179,0.825268817204301
8,"[0, 0, 0, 0, 0, 0, 0, 2, 52, 9, 0]","[0, 0, 0, 0, 0, 0, 0, 2, 33, 8, 0]",0.0,5,0.9164903554162179,0.6883838383838384
9,"[1, 0, 7, 0, 4, 2, 0, 1, 18]","[1, 0, 4, 0, 3, 2, 0, 1, 12]",1.998001998001998e-05,5,0.9164903554162179,0.764
0,"[7, 5, 3, 1, 3, 101, 1, 0, 1]","[6, 4, 3, 1, 3, 65, 1, 0, 1]",0.0,0,1.0345690405573948,0.9457070707070707
1,"[0, 10, 2, 0, 6, 51, 0, 6, 1, 6, 25]","[0, 6, 1, 0, 5, 33, 0, 4, 1, 5, 15]",9.99000999000999e-06,0,1.0345690405573948,1.0074999999999998
2,"[0, 0, 8, 58, 0, 0, 0, 1, 5]","[0, 0, 5, 42, 0, 0, 0, 1, 3]",1.998001998001998e-05,0,1.0345690405573948,0.9801020408163265
3,"[1, 0, 0, 6, 2, 0, 5, 0, 41, 8, 0]","[1, 0, 0, 5, 2, 0, 3, 0, 26, 5, 0]",1.998001998001998e-05,0,1.0345690405573948,0.8733333333333333
4,"[1, 0, 2, 10, 2, 2, 1, 7]","[1, 0, 2, 7, 2, 2, 1, 6]",2.997002997002997e-05,0,1.0345690405573948,0.8472222222222222
5,"[0, 9, 8, 0, 0, 0, 0, 0, 4]","[0, 7, 3, 0, 0, 0, 0, 0, 3]",0.0,0,1.0345690405573948,0.7348484848484848
6,"[5, 0, 4, 0, 2, 154, 0, 6, 2, 9, 62, 445]","[4, 0, 2, 0, 2, 97, 0, 6, 2, 7, 46, 279]",0.00011988011988011988,0,1.0345690405573948,1.0302331524404749
7,"[0, 0, 0, 0, 58]","[0, 0, 0, 0, 31]",9.99000999000999e-06,0,1.0345690405573948,0.8635154061624649
8,"[1, 75, 47, 2, 1, 8, 381]","[1, 49, 26, 2, 1, 6, 244]",0.0,0,1.0345690405573948,1.0572167619961739
9,"[0, 232, 0, 0, 2, 10, 0, 2, 1, 2]","[0, 145, 0, 0, 2, 7, 0, 2, 1, 2]",9.99000999000999e-06,0,1.0345690405573948,0.9497102897102897
0,"[2, 62, 0, 0, 0, 2]","[1, 40, 0, 0, 0, 2]",2.997002997002997e-05,1,1.0345690405573948,0.9409722222222222
1,"[0, 0, 4, 14, 0, 113, 0, 162, 35]","[0, 0, 4, 11, 0, 76, 0, 114, 23]",0.0,1,1.0345690405573948,1.0329324586977648
2,"[0, 2, 3, 2, 0, 0, 15, 7, 1]","[0, 2, 3, 1, 0, 0, 9, 6, 1]",0.0,1,1.0345690405573948,0.8233333333333334
3,"[55, 0, 164, 0]","[34, 0, 104, 0]",0.0,1,1.0345690405573948,1.0635961488420504
4,"[0, 0, 11, 52, 2, 0, 20, 0, 15]","[0, 0, 7, 35, 2, 0, 15, 0, 10]",9.99000999000999e-06,1,1.0345690405573948,1.007
5,"[11, 25, 0, 0, 0, 2, 17]","[7, 15, 0, 0, 0, 2, 9]",0.00035964035964035964,1,1.0345690405573948,0.8333333333333333
6,"[2, 1, 36, 341, 3, 4, 0]","[1, 1, 22, 217, 3, 3, 0]",4.995004995004995e-05,1,1.0345690405573948,1.08363908404892
7,"[4, 1, 0, 1, 2, 12]","[4, 1, 0, 1, 2, 8]",4.995004995004995e-05,1,1.0345690405573948,0.7564102564102565
8,"[0, 3, 0, 23, 0, 15, 0, 1, 0, 36, 1, 106]","[0, 2, 0, 16, 0, 10, 0, 1, 0, 23, 1, 63]",9.99000999000999e-06,1,1.0345690405573948,0.968621207851977
9,"[0, 5, 2, 406, 1, 99, 12, 8, 2, 0, 22, 1]","[0, 5, 2, 262, 1, 62, 10, 6, 1, 0, 15, 1]",9.99000999000999e-06,1,1.0345690405573948,1.0243375735375735
0,"[0, 0, 24, 2, 0, 0]","[0, 0, 17, 1, 0, 0]",0.00025974025974025974,3,1.0345690405573948,0.5
1,"[1, 8, 7, 4, 3, 2, 0, 0, 1, 22, 1, 33]","[1, 5, 7, 3, 2, 2, 0, 0, 1, 15, 1, 21]",1.998001998001998e-05,3,1.0345690405573948,0.908641975308642
2,"[3, 13, 0, 8, 3, 0]","[2, 8, 0, 6, 3, 0]",3.996003996003996e-05,3,1.0345690405573948,0.850877192982456
3,"[2, 0, 0, 36, 0, 9, 24]","[2, 0, 0, 23, 0, 5, 18]",3.996003996003996e-05,3,1.0345690405573948,1.0432291666666667
4,"[0, 13, 0, 96, 3, 1, 8, 13]","[0, 7, 0, 62, 1, 1, 6, 9]",9.99000999000999e-06,3,1.0345690405573948,1.0443322109988775
5,"[8, 1, 0, 0, 0, 2, 0, 1]","[6, 1, 0, 0, 0, 1, 0, 1]",0.00010989010989010989,3,1.0345690405573948,0.375
6,"[86, 1, 0, 1]","[54, 1, 0, 1]",0.0,3,1.0345690405573948,0.9309710003258391
7,"[27, 0, 46, 12, 43, 15, 0, 0]","[16, 0, 30, 7, 31, 7, 0, 0]",0.0,3,1.0345690405573948,1.024813988095238
8,"[23, 0, 0, 2, 3, 0, 7, 10, 0]","[16, 0, 0, 2, 2, 0, 4, 6, 0]",0.0,3,1.0345690405573948,0.938095238095238
9,"[26, 151, 30, 2, 67, 6, 0, 0]","[15, 98, 21, 1, 44, 5, 0, 0]",0.0,3,1.0345690405573948,1.0545692710741255
0,"[19, 1, 31, 2, 0, 9, 1, 6]","[14, 1, 20, 2, 0, 5, 1, 4]",0.0001998001998001998,5,1.0345690405573948,0.9053571428571429
1,"[148, 0, 0, 1, 0, 5, 43, 24, 3]","[101, 0, 0, 1, 0, 4, 30, 17, 3]",0.00028971028971028976,5,1.0345690405573948,1.0299340218014919
2,"[30, 1, 4, 0, 16, 0, 1]","[20, 1, 4, 0, 11, 0, 1]",0.00029970029970029975,5,1.0345690405573948,0.7971014492753623
3,"[6, 0, 33, 25, 23, 0, 12, 40, 5, 2, 0, 0]","[5, 0, 23, 17, 13, 0, 8, 27, 4, 1, 0, 0]",6.993006993006993e-05,5,1.0345690405573948,1.0032967032967035
4,"[0, 4, 0, 1, 0, 0, 4, 1, 26, 5, 0, 6]","[0, 3, 0, 1, 0, 0, 3, 1, 15, 3, 0, 5]",9.99000999000999e-05,5,1.0345690405573948,0.9408045977011493
5,"[0, 14, 16, 112, 24, 0, 4, 2]","[0, 11, 8, 72, 18, 0, 2, 1]",0.00032967032967032967,5,1.0345690405573948,1.0258948023653907
6,"[0, 0, 0, 0, 2, 78, 0, 7, 0, 6, 7]","[0, 0, 0, 0, 1, 51, 0, 5, 0, 5, 4]",1.998001998001998e-05,5,1.0345690405573948,1.0246369469773724
7,"[0, 6, 8, 0, 0, 0, 39, 0]","[0, 5, 7, 0, 0, 0, 24, 0]",7.992007992007992e-05,5,1.0345690405573948,0.8255693581780538
8,"[0, 0, 4, 1]","[0, 0, 3, 1]",0.0,5,1.0345690405573948,0.5
9,"[0, 0, 22, 26, 4, 0, 51, 0, 0]","[0, 0, 15, 21, 3, 0, 37, 0, 0]",0.0,5,1.0345690405573948,0.9485074626865673
0,"[1, 0, 1, 0, 0, 2, 2475, 16]","[1, 0, 1, 0, 0, 1, 1579, 12]",1.998001998001998e-05,0,1.1678607345450611,1.03961652687559
1,"[1, 1, 0, 0, 7771, 3, 0, 2]","[1, 1, 0, 0, 4945, 2, 0, 2]",1.998001998001998e-05,0,1.1678607345450611,1.0320494360262447
2,"[0, 5, 6, 3912, 0]","[0, 3, 3, 2475, 0]",0.0,0,1.1678607345450611,1.0647428620506219
3,"[0, 12230, 0]","[0, 7826, 0]",9.99000999000999e-06,0,1.1678607345450611,1.0417769579752139
4,"[12, 9664, 2, 1559, 1, 3638]","[7, 6183, 2, 1017, 1, 2286]",0.015234765234765236,0,1.1678607345450611,1.0353919704736525
5,"[7, 1, 894, 6, 2312, 3781]","[6, 1, 581, 5, 1482, 2427]",7.992007992007992e-05,0,1.1678607345450611,1.0543954110040659
6,"[2483, 1, 0, 0, 177, 2905, 1, 1830, 1, 848, 6]","[1588, 1, 0, 0, 116, 1848, 1, 1175, 1, 560, 4]",0.024835164835164833,0,1.1678607345450611,1.046311327544164
7,"[4, 1, 0, 14, 3, 2566]","[4, 1, 0, 9, 2, 1654]",0.0,0,1.1678607345450611,1.0354163103096752
8,"[83, 3537, 49, 0, 599, 1626, 2051, 1165]","[56, 2275, 31, 0, 382, 1055, 1288, 739]",0.0,0,1.1678607345450611,1.0513337759056087
9,"[3328, 7, 0, 19, 0, 205, 0, 25, 1, 0]","[2118, 4, 0, 14, 0, 134, 0, 19, 1, 0]",0.0,0,1.1678607345450611,1.0287482319290135
0,"[644, 1, 8, 0, 1, 24, 67, 1]","[399, 1, 4, 0, 1, 18, 46, 1]",0.0025374625374625375,1,1.1678607345450611,1.0735665630040327
1,"[14, 2, 0, 0, 0, 3, 0, 2, 0, 407]","[11, 2, 0, 0, 0, 2, 0, 2, 0, 264]",0.0,1,1.1678607345450611,0.9585615630019757
2,"[0, 0, 1, 10, 0, 0]","[0, 0, 1, 8, 0, 0]",9.99000999000999e-06,1,1.1678607345450611,0.625
3,"[24, 3, 1, 1, 306, 0, 24, 77, 0, 22, 12]","[14, 2, 1, 1, 200, 0, 16, 50, 0, 14, 7]",0.00028971028971028976,1,1.1678607345450611,1.0303810774442896
4,"[0, 26, 0, 158]","[0, 17, 0, 99]",0.0,1,1.1678607345450611,1.0193362193362192
5,"[7, 1, 20, 4, 0, 46, 586]","[5, 1, 13, 3, 0, 30, 380]",0.0003096903096903097,1,1.1678607345450611,1.105914923850256
6,"[0, 105, 3, 114, 755, 0, 5, 4368, 1810]","[0, 70, 2, 76, 486, 0, 2, 2805, 1169]",0.001068931068931069,1,1.1678607345450611,1.061002522133879
7,"[1, 0, 108, 0, 145, 1205]","[1, 0, 72, 0, 95, 777]",0.0,1,1.1678607345450611,1.0310891784956202
8,"[0, 0, 4, 543, 2, 1299, 7]","[0, 0, 3, 355, 1, 824, 5]",1.998001998001998e-05,1,1.1678607345450611,1.048455321311877
9,"[135, 33, 2, 1]","[93, 21, 2, 1]",0.0,1,1.1678607345450611,1.042087803500847
0,"[168, 29, 2, 0, 92, 0, 1]","[112, 19, 2, 0, 62, 0, 1]",0.0016883116883116883,3,1.1678607345450611,0.9882828282828283
1,"[211, 65, 3, 5, 81, 126, 0]","[140, 39, 1, 3, 51, 80, 0]",0.0,3,1.1678607345450611,1.0938207339033785
2,"[0, 140, 1, 0, 0, 0, 313]","[0, 93, 1, 0, 0, 0, 211]",0.0014185814185814188,3,1.1678607345450611,1.0203250706675364
3,"[126, 11, 0, 1, 50, 0, 0, 7, 3, 88]","[82, 7, 0, 1, 31, 0, 0, 5, 2, 51]",0.0013086913086913087,3,1.1678607345450611,0.9679431216931217
4,"[5, 8, 0, 3, 5, 0, 2, 0]","[3, 6, 0, 3, 4, 0, 2, 0]",5.994005994005994e-05,3,1.1678607345450611,0.7142857142857143
5,"[15, 1, 1, 0, 0, 166, 2]","[9, 1, 1, 0, 0, 108, 2]",0.0001598401598401598,3,1.1678607345450611,0.915609052194418
6,"[1, 4, 2, 0, 0, 201, 5, 14, 25]","[1, 3, 2, 0, 0, 127, 4, 10, 18]",1.998001998001998e-05,3,1.1678607345450611,1.0060922334894937
7,"[0, 180, 0, 85, 2, 0]","[0, 120, 0, 56, 1, 0]",0.001798201798201798,3,1.1678607345450611,0.9204946288279622
8,"[180, 9, 0]","[112, 5, 0]",0.0,3,1.1678607345450611,1.0954891774891775
9,"[0, 1, 1, 3, 14, 3, 40, 97, 9, 36, 0]","[0, 1, 1, 3, 7, 2, 27, 59, 5, 27, 0]",9.99000999000999e-06,3,1.1678607345450611,0.989801071943929
0,"[1, 2, 40, 12, 14, 90, 89, 0, 38, 40, 0, 1, 13]","[1, 2, 29, 8, 9, 58, 60, 0, 27, 24, 0, 1, 8]",0.0005894105894105895,5,1.1678607345450611,1.0753164081289082
1,"[3, 9, 101, 0, 71, 0, 5, 0, 133, 0]","[3, 7, 64, 0, 47, 0, 3, 0, 82, 0]",0.0,5,1.1678607345450611,0.9788874950806769
2,"[0, 8, 76, 0, 0, 27, 14, 23, 1, 0, 0, 25]","[0, 6, 52, 0, 0, 19, 12, 15, 1, 0, 0, 17]",9.99000999000999e-06,5,1.1678607345450611,1.0564195298372514
3,"[1, 1, 0, 4, 1, 44]","[1, 1, 0, 3, 1, 24]",0.0,5,1.1678607345450611,0.8215480172001911
4,"[0, 4, 117, 10, 1, 56, 0, 186, 7]","[0, 4, 80, 7, 1, 31, 0, 120, 3]",9.99000999000999e-06,5,1.1678607345450611,1.1164257369614512
5,"[0, 0, 0, 185, 0, 0, 6]","[0, 0, 0, 117, 0, 0, 5]",1.998001998001998e-05,5,1.1678607345450611,1.0196236559139786
6,"[61, 8, 1, 29, 5, 4, 2]","[39, 5, 1, 19, 4, 3, 2]",0.0003196803196803197,5,1.1678607345450611,0.9787337662337663
7,"[5, 0, 0, 12, 6]","[3, 0, 0, 8, 5]",6.993006993006992e-05,5,1.1678607345450611,0.8974358974358974
8,"[0, 1, 3, 1, 3, 7, 0, 3, 1, 47, 49, 0]","[0, 1, 3, 1, 2, 5, 0, 2, 1, 32, 33, 0]",0.0,5,1.1678607345450611,0.9091478696741855
9,"[1, 81, 115, 0, 4, 1, 1]","[1, 52, 74, 0, 3, 1, 1]",0.0,5,1.1678607345450611,1.0980286053815465
0,"[1, 204534, 0, 1, 5, 4, 67]","[1, 130972, 0, 1, 4, 3, 44]",1.998001998001998e-05,0,1.318325449365179,1.0198861583798142
1,"[172066, 138, 0]","[109938, 90, 0]",0.18908091908091906,0,1.318325449365179,1.0198766936561665
2,"[233040, 0, 0, 1, 3, 1, 0]","[149261, 0, 0, 1, 3, 1, 0]",0.20420579420579424,0,1.318325449365179,1.0198811142700355
3,"[11861, 193728, 1, 0, 0, 2, 0]","[7636, 124421, 1, 0, 0, 2, 0]",0.03872127872127872,0,1.318325449365179,1.019542027435202
4,"[0, 0, 133996, 163, 11, 0]","[0, 0, 85897, 100, 9, 0]",9.99000999000999e-06,0,1.318325449365179,1.0201624519690107
5,"[5, 3866, 8, 3, 44513, 10]","[4, 2463, 5, 2, 28489, 7]",0.0,0,1.318325449365179,1.0224049924212084
6,"[0, 0, 69829, 2, 0, 14, 0, 2, 0, 9933]","[0, 0, 44669, 2, 0, 9, 0, 2, 0, 6377]",1.998001998001998e-05,0,1.318325449365179,1.0208187304275043
7,"[26036, 0, 180940, 0, 1, 0]","[16708, 0, 116051, 0, 1, 0]",0.0,0,1.318325449365179,1.021008057907988
8,"[12162, 5, 0, 55219, 0]","[7825, 3, 0, 35393, 0]",0.0,0,1.318325449365179,1.0232852681220026
9,"[153522, 2, 3, 0, 2]","[98191, 2, 3, 0, 1]",0.10624375624375623,0,1.318325449365179,1.020718248791859
0,"[0, 17023, 73, 0, 1315, 51249, 0, 1]","[0, 10982, 45, 0, 858, 32664, 0, 1]",0.0,1,1.318325449365179,1.0350638680382631
1,"[26886, 2, 0, 0, 18371]","[17135, 2, 0, 0, 11682]",0.12986013986013986,1,1.318325449365179,1.0367066294517813
2,"[13563, 2820, 8, 13171, 0, 0, 8913]","[8738, 1775, 7, 8385, 0, 0, 5724]",0.13552447552447555,1,1.318325449365179,1.0364437855266828
3,"[7647, 9770, 25430, 0, 9]","[4887, 6173, 16185, 0, 7]",0.0764035964035964,1,1.318325449365179,1.0373496328930467
4,"[1, 25325, 4, 0, 41225]","[1, 16228, 2, 0, 26351]",0.0,1,1.318325449365179,1.0344742100802835
5,"[0, 67660, 0, 0, 29, 0, 41, 0, 0, 8]","[0, 43203, 0, 0, 19, 0, 28, 0, 0, 5]",0.09523476523476522,1,1.318325449365179,1.03447042996803
6,"[4343, 0, 5324, 0, 0, 4, 0, 26157, 1, 7, 3860]","[2782, 0, 3386, 0, 0, 3, 0, 16841, 1, 4, 2478]",0.043396603396603395,1,1.318325449365179,1.0340626698863704
7,"[0, 33288, 0, 9]","[0, 21198, 0, 7]",0.038161838161838164,1,1.318325449365179,1.037222680714425
8,"[12, 0, 4, 0, 1, 0, 6, 9, 0, 15051, 319, 2, 5]","[8, 0, 4, 0, 1, 0, 4, 7, 0, 9697, 199, 2, 4]",0.0001898101898101898,1,1.318325449365179,1.028623182690071
9,"[3, 18920, 0, 11994, 1, 0, 11, 2, 5285]","[2, 12148, 0, 7715, 1, 0, 8, 2, 3373]",0.035284715284715294,1,1.318325449365179,1.0334786877237692
0,"[681, 23, 407]","[436, 16, 264]",0.003126873126873127,3,1.318325449365179,1.0933655195641496
1,"[140, 279, 130, 635, 417]","[88, 175, 83, 401, 272]",0.004205794205794206,3,1.318325449365179,1.1138736953616897
2,"[27, 3, 6, 0, 0, 3, 0, 11]","[18, 2, 5, 0, 0, 2, 0, 7]",0.0002797202797202797,3,1.318325449365179,0.7933333333333332
3,"[4, 20, 329, 5, 211, 4, 6, 343, 0, 1]","[3, 11, 213, 5, 132, 4, 4, 224, 0, 1]",4.995004995004995e-05,3,1.318325449365179,1.054207302839835
4,"[1, 306, 0, 312, 0]","[1, 195, 0, 201, 0]",0.003086913086913087,3,1.318325449365179,1.0360861638361638
5,"[4, 56, 2, 0, 687, 182]","[4, 36, 2, 0, 434, 116]",0.0,3,1.318325449365179,1.0864676005408271
6,"[0, 7, 0, 11, 100, 5]","[0, 4, 0, 7, 59, 4]",9.99000999000999e-06,3,1.318325449365179,1.085076121794872
7,"[15, 460, 597, 590, 32, 142, 3, 0, 337]","[11, 296, 386, 369, 19, 91, 2, 0, 214]",0.0,3,1.318325449365179,1.0903376824775717
8,"[2, 104, 1084, 5]","[2, 69, 696, 3]",2.997002997002997e-05,3,1.318325449365179,1.0605874492581149
9,"[2, 1072, 0, 0, 21, 0, 0]","[2, 684, 0, 0, 13, 0, 0]",2.997002997002997e-05,3,1.318325449365179,1.0674290795711576
0,"[0, 0, 0, 54, 4, 10, 41]","[0, 0, 0, 31, 2, 7, 28]",9.99000999000999e-06,5,1.318325449365179,1.0488425925925926
1,"[10, 10, 0, 215, 107, 0, 3, 0, 1, 57]","[8, 8, 0, 136, 70, 0, 2, 0, 1, 32]",0.0,5,1.318325449365179,1.065961616161616
2,"[10, 2, 4, 0, 60, 3, 0, 129, 0, 2, 103]","[6, 2, 3, 0, 40, 2, 0, 86, 0, 2, 64]",0.0001898101898101898,5,1.318325449365179,1.0614676133194654
3,"[33, 3, 0, 163, 70, 217, 0, 8, 12, 1]","[22, 3, 0, 109, 46, 142, 0, 6, 8, 1]",0.0,5,1.318325449365179,1.0838466703050036
4,"[0, 1, 51, 56, 4, 0, 58, 2, 1, 29, 336]","[0, 1, 31, 36, 2, 0, 34, 1, 1, 22, 214]",0.0,5,1.318325449365179,1.0484338604567611
5,"[52, 2, 27, 2, 2, 0]","[30, 2, 19, 2, 1, 0]",0.0005294705294705295,5,1.318325449365179,0.8755952380952381
6,"[168, 3, 2, 43, 231, 48, 0, 1]","[116, 2, 1, 26, 148, 33, 0, 1]",0.0016483516483516484,5,1.318325449365179,1.0558334957725202
7,"[0, 1, 172, 0, 29, 105, 0, 151]","[0, 1, 108, 0, 19, 69, 0, 92]",9.99000999000999e-06,5,1.318325449365179,1.121777528027528
8,"[395, 0, 0]","[254, 0, 0]",0.0,5,1.318325449365179,1.0861836490868748
9,"[52, 25, 2, 16, 1, 136, 51, 0, 0, 0]","[35, 16, 2, 10, 1, 88, 34, 0, 0, 0]",0.0,5,1.318325449365179,1.0412698412698413
0,"[328646, 2, 1, 1, 85, 0]","[210625, 1, 1, 1, 52, 0]",0.28998001998002,0,1.488175720815659,1.0118049050917919
1,"[301161, 0, 0, 0, 33, 3, 0, 0, 1]","[192795, 0, 0, 0, 20, 3, 0, 0, 1]",0.011818181818181818,0,1.488175720815659,1.0124047912128544
2,"[314942, 0, 2]","[201902, 0, 2]",0.1412887112887113,0,1.488175720815659,1.0117317789375677
3,"[260792, 3, 0, 0, 3]","[166913, 2, 0, 0, 2]",0.0,0,1.488175720815659,1.0125920608803454
4,"[0, 297672, 0, 0]","[0, 190533, 0, 0]",9.99000999000999e-06,0,1.488175720815659,1.0127152223149984
5,"[328581, 0, 1, 0, 20, 2]","[210333, 0, 1, 0, 14, 1]",0.3006893106893107,0,1.488175720815659,1.0117122156070102
6,"[323954, 0, 8, 2, 0, 4, 0]","[207489, 0, 6, 2, 0, 3, 0]",0.24745254745254744,0,1.488175720815659,1.011929321542991
7,"[1, 312198, 5, 1436, 6]","[1, 200192, 5, 938, 4]",0.15792207792207794,0,1.488175720815659,1.01177147755327
8,"[12, 2, 282045, 0]","[6, 2, 180528, 0]",0.00012987012987012987,0,1.488175720815659,1.0123605297301876
9,"[243477, 424, 1, 0]","[156082, 275, 1, 0]",0.0,0,1.488175720815659,1.012074745036104
0,"[190752, 0, 0]","[121671, 0, 0]",0.0,1,1.488175720815659,1.0221893502400743
1,"[202955, 0, 0]","[129314, 0, 0]",0.04225774225774225,1,1.488175720815659,1.0219611117523457
2,"[205201, 4, 0, 1, 0, 40, 0, 1, 1]","[130698, 2, 0, 1, 0, 26, 0, 1, 1]",0.07341658341658341,1,1.488175720815659,1.0216866564724785
3,"[0, 185202, 4, 0, 2]","[0, 118037, 4, 0, 2]",0.0,1,1.488175720815659,1.0229130817991767
4,"[0, 0, 202842, 0, 0, 43, 4]","[0, 0, 129401, 0, 0, 24, 4]",0.033186813186813185,1,1.488175720815659,1.0215955007178932
5,"[4, 0, 102907, 0, 1]","[1, 0, 65497, 0, 1]",4.995004995004995e-05,1,1.488175720815659,1.023276796363731
6,"[8, 107885, 0]","[4, 68822, 0]",0.0,1,1.488175720815659,1.0222524897376175
7,"[188662, 14, 0, 0, 0, 6, 0, 0]","[120269, 9, 0, 0, 0, 4, 0, 0]",0.0,1,1.488175720815659,1.021464823666798
8,"[115953, 42, 5, 0, 2]","[74013, 28, 3, 0, 1]",0.0,1,1.488175720815659,1.0218077460183232
9,"[195225, 82, 0, 32, 78, 2, 2, 0, 0]","[124594, 53, 0, 22, 52, 2, 2, 0, 0]",0.0,1,1.488175720815659,1.0217810083686922
0,"[2601, 1, 2, 1, 380, 483, 17, 0, 573]","[1647, 1, 2, 1, 245, 306, 13, 0, 365]",0.017162837162837164,3,1.488175720815659,1.0909073656456933
1,"[1250, 2790, 1613, 0, 5497, 432, 113, 862, 806]","[795, 1758, 1047, 0, 3451, 274, 68, 565, 523]",0.012497502497502498,3,1.488175720815659,1.0809686708053987
2,"[2986, 1]","[1898, 1]",0.0034665334665334667,3,1.488175720815659,1.0611913901638317
3,"[0, 1924, 1858, 0, 794, 1]","[0, 1237, 1192, 0, 494, 1]",9.99000999000999e-06,3,1.488175720815659,1.0824743474061418
4,"[73, 148, 3582, 406, 732, 33, 10]","[47, 97, 2285, 254, 478, 20, 6]",0.0007392607392607393,3,1.488175720815659,1.0737783447525484
5,"[0, 3412, 4, 1]","[0, 2169, 2, 1]",0.008621378621378623,3,1.488175720815659,1.0628898276105847
6,"[570, 318, 2033, 0, 1, 4]","[365, 201, 1283, 0, 1, 3]",0.008871128871128871,3,1.488175720815659,1.075389799009696
7,"[1594, 3598, 6, 8, 0, 226, 9]","[1020, 2307, 5, 7, 0, 149, 7]",0.012397602397602398,3,1.488175720815659,1.0712911358698554
8,"[1831, 0, 1522, 2, 1138, 254, 0, 0, 2573, 29]","[1168, 0, 957, 1, 715, 157, 0, 0, 1642, 20]",0.004215784215784216,3,1.488175720815659,1.0670869055583831
9,"[504, 623, 4836, 859, 1433]","[315, 393, 3078, 547, 894]",0.0,3,1.488175720815659,1.0847403502222692
0,"[1, 577, 35, 586, 79]","[1, 358, 20, 367, 47]",1.998001998001998e-05,5,1.488175720815659,1.114111307102939
1,"[0, 2, 278, 10, 2, 1, 0, 1, 0]","[0, 1, 169, 7, 2, 1, 0, 1, 0]",0.0,5,1.488175720815659,1.0232953867352363
2,"[3, 0, 780, 1]","[3, 0, 490, 1]",0.0,5,1.488175720815659,1.075474972454838
3,"[1, 327, 134, 0, 1, 0, 17]","[1, 212, 84, 0, 1, 0, 8]",0.0,5,1.488175720815659,1.0626293730689338
4,"[30, 831, 74, 85, 0, 174, 228, 2, 166]","[21, 534, 46, 49, 0, 112, 152, 2, 109]",0.0,5,1.488175720815659,1.0850336898779807
5,"[150, 65, 291, 99, 1]","[89, 39, 188, 65, 1]",0.0,5,1.488175720815659,1.073325581596973
6,"[461, 1, 0, 1, 110, 227, 151]","[288, 1, 0, 1, 66, 144, 95]",0.0,5,1.488175720815659,1.0609775247431952
7,"[453, 921, 168, 0, 3, 11, 0, 3, 1, 268, 138, 337, 22, 32]","[289, 578, 107, 0, 2, 7, 0, 2, 1, 182, 84, 213, 14, 22]",0.0,5,1.488175720815659,1.1152786375481594
8,"[8, 177, 0, 8, 1, 74, 0, 1, 133]","[5, 120, 0, 6, 1, 46, 0, 1, 83]",0.0,5,1.488175720815659,1.0671196240503174
9,"[0, 0, 214, 1, 405, 3, 136, 191, 337, 0]","[0, 0, 133, 1, 273, 2, 83, 120, 213, 0]",0.0,5,1.488175720815659,1.1002687935773439
0,"[391131, 7, 8]","[250489, 6, 6]",0.2032867132867133,0,1.6799091431418909,1.0085808473611284
1,"[1, 0, 219418]","[1, 0, 140245]",2.997002997002997e-05,0,1.6799091431418909,1.009700630989182
2,"[0, 375963, 6, 17, 0, 0]","[0, 240978, 5, 11, 0, 0]",0.038991008991008984,0,1.6799091431418909,1.0085763525534726
3,"[391395, 1, 1, 0, 0, 2, 147, 0, 0]","[250896, 1, 1, 0, 0, 1, 86, 0, 0]",0.20201798201798205,0,1.6799091431418909,1.0086080618218125
4,"[414404, 0, 0, 2, 0, 14, 1]","[264973, 0, 0, 1, 0, 11, 1]",0.4054445554445555,0,1.6799091431418909,1.00834955659537
5,"[311429, 2, 8]","[199475, 2, 7]",0.0,0,1.6799091431418909,1.0094335493314686
6,"[398671, 0, 28, 1, 171, 0, 97, 1, 0, 17, 0]","[255522, 0, 20, 1, 115, 0, 59, 1, 0, 11, 0]",0.27120879120879116,0,1.6799091431418909,1.0086845505977722
7,"[389871, 3, 34, 4, 0]","[249635, 2, 26, 3, 0]",0.1864635364635365,0,1.6799091431418909,1.0086958976656124
8,"[342259, 0, 0, 1]","[219228, 0, 0, 1]",0.0,0,1.6799091431418909,1.009409489473895
9,"[399135, 0, 25, 0]","[255658, 0, 16, 0]",0.275954045954046,0,1.6799091431418909,1.0087218170523504
0,"[269871, 1, 0, 0]","[171661, 1, 0, 0]",0.2247652347652348,1,1.6799091431418909,1.016300585214568
1,"[269513, 8, 1, 4, 0, 1]","[171635, 5, 1, 3, 0, 1]",0.24573426573426574,1,1.6799091431418909,1.0163965816880107
2,"[3, 238157, 0, 0, 1, 0]","[3, 151777, 0, 0, 1, 0]",3.996003996003996e-05,1,1.6799091431418909,1.0164399038531424
3,"[268022, 0, 2, 0, 0, 6, 1]","[170733, 0, 2, 0, 0, 4, 1]",0.24133866133866133,1,1.6799091431418909,1.0164136612163668
4,"[2, 0, 102408]","[2, 0, 65186]",0.0,1,1.6799091431418909,1.0174708023242451
5,"[269334, 2, 1, 5, 1, 0, 0]","[171419, 1, 1, 4, 1, 0, 0]",0.22843156843156845,1,1.6799091431418909,1.0165867748724766
6,"[252049, 0, 0, 5, 1, 0, 2]","[160415, 0, 0, 5, 1, 0, 2]",0.062257742257742256,1,1.6799091431418909,1.016422557728951
7,"[268576, 0, 0, 0]","[170726, 0, 0, 0]",0.24214785214785217,1,1.6799091431418909,1.0162111638876847
8,"[218414, 8, 1, 1, 1, 0]","[139218, 7, 1, 1, 1, 0]",0.0,1,1.6799091431418909,1.016809487813894
9,"[266982, 2]","[170031, 2]",0.19971028971028967,1,1.6799091431418909,1.0159957277895204
0,"[4389, 1, 3, 5993, 1, 12978, 0, 68, 2]","[2817, 1, 3, 3794, 1, 8274, 0, 45, 2]",0.043916083916083926,3,1.6799091431418909,1.067088633459432
1,"[17188, 0, 0, 7600, 0, 962, 973, 8734]","[10973, 0, 0, 4829, 0, 622, 614, 5556]",0.0462037962037962,3,1.6799091431418909,1.0636414247784365
2,"[38656, 8]","[24582, 5]",0.0800999000999001,3,1.6799091431418909,1.0670502318133648
3,"[4665, 13220, 2475, 7436, 2095]","[2956, 8492, 1589, 4723, 1353]",0.0,3,1.6799091431418909,1.0676346747303884
4,"[4006, 620, 3275]","[2564, 394, 2072]",0.014255744255744255,3,1.6799091431418909,1.0613426455379906
5,"[1, 6579, 0, 6958]","[1, 4216, 0, 4435]",1.998001998001998e-05,3,1.6799091431418909,1.0652295637988576
6,"[1433, 7, 3631, 4783, 4667, 10]","[916, 6, 2288, 3077, 2953, 7]",0.014325674325674326,3,1.6799091431418909,1.0620443449373254
7,"[1640, 3566, 2443, 2261, 2743, 0, 0, 1614, 17]","[1052, 2316, 1555, 1441, 1743, 0, 0, 1023, 10]",0.016393606393606392,3,1.6799091431418909,1.0597797602717705
8,"[94, 0, 0, 13795, 4083, 73]","[61, 0, 0, 8774, 2585, 43]",0.0,3,1.6799091431418909,1.0673087967134207
9,"[5915, 22374, 15]","[3737, 14166, 8]",0.0,3,1.6799091431418909,1.0671895440049635
0,"[321, 85, 292, 1624, 3]","[208, 48, 179, 1037, 3]",0.0,5,1.6799091431418909,1.1128517368971447
1,"[0, 227, 775, 15, 0, 4, 490]","[0, 141, 500, 12, 0, 3, 303]",0.0,5,1.6799091431418909,1.0930839162581076
2,"[568, 3, 240, 2, 0, 303, 1010]","[366, 2, 145, 2, 0, 193, 647]",0.0038261738261738264,5,1.6799091431418909,1.0942800894173044
3,"[0, 368, 379, 0, 0, 2, 276, 813, 512, 1, 287, 795]","[0, 229, 241, 0, 0, 2, 175, 518, 330, 1, 161, 507]",9.99000999000999e-06,5,1.6799091431418909,1.1109755818346414
4,"[1555, 10, 9, 1, 61, 102, 1031]","[1000, 7, 7, 1, 33, 65, 654]",0.0014085914085914086,5,1.6799091431418909,1.0832389418799344
5,"[1021, 98, 257, 87, 32, 132, 1079]","[661, 58, 156, 59, 19, 85, 682]",0.00868131868131868,5,1.6799091431418909,1.1022211950286382
6,"[381, 189, 714, 114, 354]","[247, 118, 456, 66, 225]",0.0038161838161838166,5,1.6799091431418909,1.1040418304436994
7,"[1553, 0, 373, 5, 0]","[976, 0, 236, 3, 0]",0.0,5,1.6799091431418909,1.096688068930716
8,"[203, 276, 747, 690, 529]","[135, 170, 479, 440, 338]",0.0035164835164835165,5,1.6799091431418909,1.1128273666368904
9,"[1051, 116, 8, 439, 147, 72, 97, 613, 662, 0, 317, 917]","[654, 73, 6, 283, 93, 45, 60, 379, 419, 0, 204, 593]",0.007882117882117881,5,1.6799091431418909,1.114386192535397
0,"[0, 383867, 11, 1, 249]","[0, 245894, 9, 1, 151]",9.99000999000999e-06,0,1.896345095366125,1.0071985669827852
1,"[129640, 344962, 0, 27, 0, 3, 237]","[83293, 221035, 0, 19, 0, 2, 156]",0.41155844155844157,0,1.896345095366125,1.006807908228395
2,"[457837, 0, 2, 7]","[293384, 0, 1, 3]",0.22685314685314684,0,1.896345095366125,1.0066350568218536
3,"[1, 3, 332111, 0, 0, 21, 0, 15]","[1, 3, 212512, 0, 0, 15, 0, 11]",1.998001998001998e-05,0,1.896345095366125,1.0074174657088657
4,"[0, 283032, 0, 29]","[0, 181266, 0, 20]",0.0,0,1.896345095366125,1.0071411021969772
5,"[0, 324407, 1, 5]","[0, 207893, 1, 3]",0.0,0,1.896345095366125,1.0071499680179126
6,"[0, 448568, 30, 118]","[0, 287479, 23, 77]",0.1395104895104895,0,1.896345095366125,1.00650245880133
7,"[288885, 0, 3]","[185238, 0, 2]",0.0,0,1.896345095366125,1.0073003827306084
8,"[0, 419546, 1, 0, 0, 2, 0, 1]","[0, 268837, 1, 0, 0, 2, 0, 1]",9.99000999000999e-06,0,1.896345095366125,1.0071783993532852
9,"[461378, 38, 5, 7, 2, 11]","[295872, 27, 4, 5, 2, 5]",0.277982017982018,0,1.896345095366125,1.0066090897365254
0,"[285251, 0, 0, 0, 0, 4, 1, 0]","[181051, 0, 0, 0, 0, 3, 1, 0]",0.00035964035964035964,1,1.896345095366125,1.0131669182199678
1,"[309371, 0, 0, 0]","[196219, 0, 0, 0]",0.2421778221778222,1,1.896345095366125,1.0132151351187297
2,"[292255, 1]","[185311, 1]",0.06423576423576423,1,1.896345095366125,1.0128179564404423
3,"[310275, 0, 0, 0, 0, 0, 10]","[196915, 0, 0, 0, 0, 0, 8]",0.25283716283716284,1,1.896345095366125,1.0133663031747688
4,"[312981, 0, 3, 1]","[198346, 0, 3, 1]",0.27520479520479524,1,1.896345095366125,1.0132862248537955
5,"[312199, 2, 2, 0, 2, 11, 1]","[198160, 1, 2, 0, 2, 7, 1]",0.2724775224775225,1,1.896345095366125,1.0136746222137119
6,"[305964, 2, 1, 1, 0, 0, 2]","[194054, 2, 1, 1, 0, 0, 1]",0.19770229770229772,1,1.896345095366125,1.0130722406236814
7,"[209376, 2, 0, 2]","[132776, 1, 0, 2]",0.0,1,1.896345095366125,1.0137779926232704
8,"[271119, 0, 0]","[171692, 0, 0]",0.0,1,1.896345095366125,1.0137747640659085
9,"[316893, 0, 0, 0]","[201183, 0, 0, 0]",0.3158541458541459,1,1.896345095366125,1.0130773600923768
0,"[5187, 83235, 34, 1, 1, 3]","[3295, 53003, 20, 1, 1, 2]",0.04122877122877122,3,1.896345095366125,1.0506446497851132
1,"[802, 36219, 0, 60, 2, 949]","[509, 22963, 0, 36, 2, 604]",0.0,3,1.896345095366125,1.0601676295463893
2,"[83394, 93, 74, 9264]","[53035, 58, 44, 5856]",0.0,3,1.896345095366125,1.0551187540806708
3,"[0, 0, 1, 24187, 4, 4, 47830, 2, 1, 0, 14396, 6]","[0, 0, 1, 15379, 3, 4, 30418, 2, 1, 0, 9135, 4]",0.0,3,1.896345095366125,1.0533240619796784
4,"[33009, 1, 0, 5, 30377, 2, 6, 9, 27023, 3, 21, 19]","[20968, 1, 0, 3, 19423, 1, 3, 7, 17207, 2, 11, 12]",0.033526473526473526,3,1.896345095366125,1.052022595634318
5,"[115068, 3, 4]","[72957, 2, 3]",0.10816183816183816,3,1.896345095366125,1.0527391566002657
6,"[21611, 47401, 2, 1, 3, 1]","[13747, 30108, 2, 1, 3, 1]",0.1234865134865135,3,1.896345095366125,1.0523413983836547
7,"[1, 37697, 5, 1, 16931]","[1, 23784, 4, 1, 10773]",0.0,3,1.896345095366125,1.0546666074686086
8,"[20283, 16, 19347, 0, 21559, 0, 0, 0, 2]","[12838, 11, 12290, 0, 13624, 0, 0, 0, 1]",0.08604395604395607,3,1.896345095366125,1.054902681496363
9,"[25978, 49271, 10, 9926, 4347]","[16462, 31432, 6, 6317, 2761]",0.12415584415584416,3,1.896345095366125,1.0531914316044149
0,"[290, 1386, 608, 177, 340, 84]","[179, 874, 384, 108, 205, 49]",0.0,5,1.896345095366125,1.1351929521259392
1,"[3, 3227, 3]","[3, 2020, 2]",0.011198801198801199,5,1.896345095366125,1.0897600637957017
2,"[766, 274, 11, 84, 72, 0]","[483, 178, 8, 54, 44, 0]",0.0,5,1.896345095366125,1.084465931099058
3,"[0, 776, 1918, 0, 99, 0, 1601]","[0, 472, 1212, 0, 59, 0, 1010]",0.0054745254745254745,5,1.896345095366125,1.1308191684777904
4,"[0, 730, 796, 2754, 1, 194]","[0, 448, 500, 1748, 1, 127]",9.99000999000999e-06,5,1.896345095366125,1.0977000136114292
5,"[81, 158, 81, 446, 2, 86, 844, 0, 430, 78, 370]","[48, 100, 48, 280, 1, 52, 534, 0, 265, 44, 221]",0.0008191808191808192,5,1.896345095366125,1.127849536604117
6,"[1932, 195, 323, 0]","[1170, 120, 206, 0]",0.004905094905094905,5,1.896345095366125,1.107768920739504
7,"[93, 110, 1373, 2925, 194, 2547]","[58, 75, 870, 1865, 126, 1592]",0.004675324675324675,5,1.896345095366125,1.107343352604977
8,"[755, 627, 85, 1, 3, 2910]","[474, 402, 52, 1, 3, 1812]",0.0075524475524475524,5,1.896345095366125,1.1070951093818175
9,"[1218, 0, 308, 367, 1116, 374, 532]","[769, 0, 200, 226, 718, 229, 333]",0.0009690309690309691,5,1.896345095366125,1.1095167461510231
0,"[520508, 0, 37]","[333751, 0, 25]",0.3193006993006993,0,2.1406661993596967,1.0051684164272632
1,"[510229, 38, 0]","[327187, 27, 0]",0.20211788211788212,0,2.1406661993596967,1.0052645905961746
2,"[516000, 234, 0, 0, 33, 0]","[331001, 147, 0, 0, 26, 0]",0.2653846153846154,0,2.1406661993596967,1.0052587968953584
3,"[515054, 4344, 0, 94, 2679, 273]","[329965, 2745, 0, 58, 1735, 168]",0.32670329670329673,0,2.1406661993596967,1.0051535776501055
4,"[504537, 0, 0, 8, 2]","[323695, 0, 0, 4, 2]",0.1503096903096903,0,2.1406661993596967,1.0052343388761587
5,"[0, 415065]","[0, 266670]",0.0,0,2.1406661993596967,1.0056790455646376
6,"[512846, 0, 3]","[329147, 0, 2]",0.24796203796203795,0,2.1406661993596967,1.0053199681452354
7,"[451369, 16]","[289599, 10]",0.0,0,2.1406661993596967,1.005972950526128
8,"[520475, 0, 8, 277, 7]","[333774, 0, 5, 170, 3]",0.3242557442557442,0,2.1406661993596967,1.0053188872455145
9,"[542638, 2, 17]","[347972, 1, 12]",0.5284715284715285,0,2.1406661993596967,1.005209103375059
0,"[312809, 1, 0, 0, 2, 0, 5]","[197404, 1, 0, 0, 2, 0, 5]",0.0,1,2.1406661993596967,1.011711336878047
1,"[313548, 0, 0, 3]","[197841, 0, 0, 3]",0.0,1,2.1406661993596967,1.0116823541895386
2,"[345868, 1, 1]","[217883, 1, 1]",0.27320679320679325,1,2.1406661993596967,1.0113566701102747
3,"[0, 264537, 28]","[0, 166542, 21]",0.0,1,2.1406661993596967,1.0112873470912167
4,"[333552, 10, 8, 0, 0]","[210240, 7, 6, 0, 0]",0.14164835164835166,1,2.1406661993596967,1.0115161495956637
5,"[315916, 5, 0, 0, 4, 0]","[199173, 3, 0, 0, 3, 0]",0.0,1,2.1406661993596967,1.0119566187908453
6,"[346960, 4, 0, 0]","[218622, 3, 0, 0]",0.27824175824175823,1,2.1406661993596967,1.0112456594621344
7,"[351395, 6, 4, 0]","[221206, 4, 4, 0]",0.32596403596403595,1,2.1406661993596967,1.0107668427458618
8,"[194945, 0, 7, 5]","[122907, 0, 4, 5]",0.0,1,2.1406661993596967,1.0121276579885996
9,"[0, 251050]","[0, 158065]",0.0,1,2.1406661993596967,1.0120548692857443
0,"[0, 112424, 0, 0, 11, 8, 11]","[0, 71193, 0, 0, 7, 4, 8]",0.0007692307692307692,3,2.1406661993596967,1.0513194781625743
1,"[100974, 0]","[63993, 0]",0.02547452547452548,3,2.1406661993596967,1.0483072551731298
2,"[1, 60021, 0, 0, 60881, 1]","[1, 38107, 0, 0, 38534, 1]",0.11657342657342658,3,2.1406661993596967,1.0469060687632938
3,"[1, 26436, 11, 84561, 14, 0, 32]","[1, 16752, 4, 53603, 7, 0, 21]",0.11215784215784215,3,2.1406661993596967,1.0484290313730886
4,"[37297, 0, 25147]","[23694, 0, 15973]",0.0,3,2.1406661993596967,1.049309149676069
5,"[25612, 1, 15, 83132, 0, 6, 0, 8, 0, 22190]","[16308, 1, 11, 52636, 0, 5, 0, 7, 0, 14036]",0.13475524475524475,3,2.1406661993596967,1.0504395326958829
6,"[110230, 1, 4, 1, 1]","[69959, 1, 4, 1, 1]",0.0,3,2.1406661993596967,1.049898238405691
7,"[132891, 3, 3, 5, 1, 27, 3876]","[84343, 2, 3, 3, 1, 19, 2465]",0.08031968031968033,3,2.1406661993596967,1.0476354434370627
8,"[30634, 0, 43897, 4, 12570]","[19361, 0, 27854, 3, 7932]",0.0,3,2.1406661993596967,1.0497688355065764
9,"[0, 103744, 7, 1, 1, 0, 1, 3]","[0, 65551, 6, 1, 1, 0, 1, 3]",0.0,3,2.1406661993596967,1.0492321742370487
0,"[526, 714, 1019, 192, 1272]","[318, 458, 643, 125, 789]",0.005264735264735265,5,2.1406661993596967,1.1113835772747405
1,"[517, 443, 753, 2963, 0, 0, 0, 214]","[312, 272, 481, 1850, 0, 0, 0, 135]",0.0,5,2.1406661993596967,1.1349507613247758
2,"[527, 286, 1171, 0, 416, 1, 562, 802, 677]","[332, 177, 718, 0, 250, 1, 342, 498, 423]",0.015714285714285712,5,2.1406661993596967,1.1227455014068737
3,"[102, 1609, 0, 923, 2910, 551, 588]","[59, 998, 0, 568, 1826, 350, 371]",0.0,5,2.1406661993596967,1.13123550322384
4,"[162, 549, 400, 939, 2160, 1322, 0]","[99, 330, 255, 565, 1361, 829, 0]",0.007122877122877123,5,2.1406661993596967,1.1140975295043096
5,"[103, 715, 2377, 188, 158, 2511, 1552]","[58, 445, 1485, 108, 97, 1600, 946]",0.0,5,2.1406661993596967,1.1277899289860238
6,"[0, 1636, 903, 92, 185, 104, 1768]","[0, 1028, 574, 50, 119, 63, 1099]",0.0,5,2.1406661993596967,1.1239175167694793
7,"[3063, 49, 0, 104, 172]","[1889, 30, 0, 66, 106]",0.0017582417582417582,5,2.1406661993596967,1.1542062360705778
8,"[180, 2128, 2, 2670, 174, 1318, 968, 604]","[103, 1329, 2, 1655, 103, 826, 628, 367]",0.0027372627372627373,5,2.1406661993596967,1.1125069368561702
9,"[602, 635]","[378, 388]",0.006033966033966035,5,2.1406661993596967,1.1438534518855556
0,"[484373, 766, 41, 0, 1, 2]","[310642, 493, 28, 0, 1, 2]",0.0,0,2.416465119285876,1.0049038990901267
1,"[509193, 107, 38]","[326844, 67, 23]",0.0,0,2.416465119285876,1.0048586173917973
2,"[7, 32369, 300018]","[5, 20690, 192552]",0.0,0,2.416465119285876,1.0052014951220734
3,"[562302, 0, 64, 1]","[360834, 0, 46, 1]",0.24150849150849152,0,2.416465119285876,1.0041783161377555
4,"[557060, 366, 2]","[357251, 236, 1]",0.21433566433566434,0,2.416465119285876,1.0041804978656772
5,[530570],[340492],0.0,0,2.416465119285876,1.0048406347624457
6,"[592907, 0, 35, 0, 3, 171, 11, 34, 1]","[380187, 0, 22, 0, 3, 109, 7, 24, 1]",0.5541558441558442,0,2.416465119285876,1.0041273693486599
7,"[479910, 7, 1, 0, 27]","[307867, 6, 1, 0, 16]",0.0,0,2.416465119285876,1.0049917743556998
8,"[433429, 0]","[278217, 0]",0.0,0,2.416465119285876,1.0050936570036
9,"[541286, 0, 0]","[347200, 0, 0]",0.04571428571428572,0,2.416465119285876,1.004185566078548
0,"[380061, 0]","[237910, 0]",0.334055944055944,1,2.416465119285876,1.0098459019743535
1,"[329461, 0, 0]","[206157, 0, 0]",0.0,1,2.416465119285876,1.0104915823672018
2,"[381076, 0, 0, 0, 0]","[238164, 0, 0, 0, 0]",0.3353346653346653,1,2.416465119285876,1.0097300254683532
3,"[270463, 0, 0]","[169294, 0, 0]",0.0,1,2.416465119285876,1.0105892073846892
4,"[0, 353117, 0, 0, 0]","[0, 221045, 0, 0, 0]",0.057472527472527464,1,2.416465119285876,1.0094217976271898
5,"[383128, 1, 18, 1, 0]","[239552, 1, 11, 1, 0]",0.35017982017982013,1,2.416465119285876,1.0097109439993304
6,"[345491, 10, 0, 0]","[215961, 7, 0, 0]",0.0,1,2.416465119285876,1.0103702690566663
7,"[370930, 0, 1, 0]","[231853, 0, 1, 0]",0.23511488511488507,1,2.416465119285876,1.0095326669424907
8,"[0, 259346, 1, 0, 0]","[0, 162031, 1, 0, 0]",0.0,1,2.416465119285876,1.0102586670485858
9,"[360130, 0]","[225205, 0]",0.1304895104895105,1,2.416465119285876,1.0097810419065614
0,"[18855, 0, 134715, 32, 2, 0]","[11887, 0, 85295, 23, 2, 0]",0.07452547452547452,3,2.416465119285876,1.0455868990459471
1,"[151000, 2, 0, 0, 0, 1, 0]","[95256, 1, 0, 0, 0, 1, 0]",0.02852147852147852,3,2.416465119285876,1.0484236463135894
2,"[126564, 0, 0, 2, 0, 0, 0, 1]","[80024, 0, 0, 2, 0, 0, 0, 1]",0.0,3,2.416465119285876,1.0462065836109968
3,"[159983, 35, 0, 0, 1, 1, 0, 0]","[101285, 22, 0, 0, 1, 1, 0, 0]",0.12282717282717283,3,2.416465119285876,1.045890975338543
4,"[140816, 0, 5]","[88988, 0, 4]",0.0,3,2.416465119285876,1.046071691402845
5,"[153835, 0, 3, 0, 3, 7, 1, 35, 41, 1, 0]","[97155, 0, 2, 0, 2, 4, 1, 22, 24, 1, 0]",0.06676323676323676,3,2.416465119285876,1.0484671596583446
6,"[115998, 0, 99, 1]","[73327, 0, 61, 1]",0.0,3,2.416465119285876,1.0467875001593074
7,"[0, 100511, 1, 1, 6, 5, 0, 1]","[0, 63436, 1, 1, 5, 2, 0, 1]",9.99000999000999e-06,3,2.416465119285876,1.047660706429415
8,"[153429, 9, 2, 39]","[97053, 6, 2, 25]",0.0527972027972028,3,2.416465119285876,1.046460547365265
9,"[99344, 4, 0]","[62790, 3, 0]",0.0,3,2.416465119285876,1.045639872470046
0,"[1510, 245, 300, 3397, 1812, 2573, 194]","[928, 149, 170, 2113, 1066, 1568, 116]",0.020559440559440565,5,2.416465119285876,1.132585216478757
1,"[479, 1699, 1, 282, 951]","[293, 1044, 1, 168, 568]",0.0,5,2.416465119285876,1.1706458837736624
2,"[977, 570, 1196, 284, 779]","[599, 349, 709, 167, 463]",0.0,5,2.416465119285876,1.1697271828657143
3,"[2060, 203, 926, 1362, 3666, 188, 95]","[1274, 119, 554, 825, 2265, 109, 59]",0.019650349650349654,5,2.416465119285876,1.144398612739673
4,"[373, 191, 379, 1726, 1, 1287]","[218, 120, 232, 1058, 1, 792]",0.0008591408591408591,5,2.416465119285876,1.163717578797971
5,"[206, 2543, 554, 181]","[121, 1554, 336, 108]",0.0,5,2.416465119285876,1.1724182242587273
6,"[88, 100, 1060, 1148, 0, 628, 101]","[52, 52, 649, 695, 0, 393, 61]",0.0,5,2.416465119285876,1.161162982803221
7,"[574, 91, 965]","[344, 58, 590]",0.006673326673326673,5,2.416465119285876,1.1799422509616828
8,"[1507, 275, 5104, 0, 1458]","[924, 165, 3159, 0, 905]",0.0,5,2.416465119285876,1.1366900120663999
9,"[171, 92, 2795, 3]","[99, 51, 1711, 1]",0.0008191808191808192,5,2.416465119285876,1.1925629632761525
0,[518394],[332775],0.0,0,2.7277973905842594,1.0042567946967897
1,"[634409, 0, 0, 0]","[407133, 0, 0, 0]",0.5314985014985014,0,2.7277973905842594,1.0035055846876784
2,"[578075, 251, 243, 1]","[371251, 154, 147, 1]",0.0,0,2.7277973905842594,1.0040531880976498
3,"[623237, 0, 229, 869]","[400325, 0, 149, 572]",0.4594505494505495,0,2.7277973905842594,1.0034809229843602
4,"[558514, 1, 1428, 240, 3, 1]","[358326, 1, 904, 162, 2, 1]",0.0,0,2.7277973905842594,1.0042773266442195
5,"[572816, 4, 92, 10, 63]","[368119, 2, 61, 6, 40]",0.0,0,2.7277973905842594,1.0041420622652522
6,"[547264, 1, 0, 3, 23]","[351223, 1, 0, 2, 18]",0.0,0,2.7277973905842594,1.0042495304533074
7,"[573901, 0, 1]","[368227, 0, 1]",0.0,0,2.7277973905842594,1.0042681703410188
8,[633734],[407243],0.5466333666333666,0,2.7277973905842594,1.0034840928045832
9,"[627065, 0, 54]","[402409, 0, 34]",0.4784615384615385,0,2.7277973905842594,1.00347242629929
0,"[397370, 3, 0, 1, 1]","[245745, 2, 0, 1, 1]",0.26145854145854147,1,2.7277973905842594,1.008409751524645
1,"[351182, 0, 2, 0]","[217170, 0, 2, 0]",0.0,1,2.7277973905842594,1.009289307206226
2,"[0, 366072, 0, 0, 0, 0]","[0, 226709, 0, 0, 0, 0]",9.99000999000999e-06,1,2.7277973905842594,1.0091569272940852
3,"[387438, 10, 0, 1, 1]","[239830, 6, 0, 1, 1]",0.17340659340659342,1,2.7277973905842594,1.0088650561195134
4,"[341075, 0, 0, 0, 0, 0, 0]","[211016, 0, 0, 0, 0, 0, 0]",0.0,1,2.7277973905842594,1.0093919207124495
5,"[403307, 0, 0, 0, 2, 0, 0]","[249844, 0, 0, 0, 2, 0, 0]",0.32896103896103895,1,2.7277973905842594,1.0083487300739788
6,"[410477, 0, 1]","[253697, 0, 1]",0.39283716283716286,1,2.7277973905842594,1.0084248703429994
7,"[397924, 0, 0, 2, 0, 4]","[246658, 0, 0, 2, 0, 3]",0.2719180819180819,1,2.7277973905842594,1.0083061699106508
8,"[265879, 0]","[164620, 0]",0.0,1,2.7277973905842594,1.0096772238265108
9,"[378064, 0, 3, 3, 0]","[233784, 0, 3, 3, 0]",0.07232767232767233,1,2.7277973905842594,1.0086512882417893
0,"[152549, 0, 0, 0, 0, 0]","[95957, 0, 0, 0, 0, 0]",0.0,3,2.7277973905842594,1.0482963487273975
1,"[164546, 2, 29, 12, 1, 1]","[103642, 2, 19, 8, 1, 1]",0.04998001998001998,3,2.7277973905842594,1.0486209361060927
2,"[175129, 8, 0, 1, 0]","[110232, 5, 0, 1, 0]",0.15237762237762237,3,2.7277973905842594,1.0492169442022765
3,"[174611, 0, 0, 0]","[109928, 0, 0, 0]",0.14325674325674323,3,2.7277973905842594,1.047703155682826
4,"[154446, 0, 2, 13, 0]","[97306, 0, 2, 8, 0]",0.0,3,2.7277973905842594,1.0466942989760781
5,"[142564, 0, 0, 0, 0, 0, 0]","[89623, 0, 0, 0, 0, 0, 0]",0.0,3,2.7277973905842594,1.049202563711317
6,"[177593, 0, 4, 3, 0]","[111427, 0, 3, 3, 0]",0.17683316683316683,3,2.7277973905842594,1.0488381831682483
7,"[170551, 2, 2, 1, 0]","[107473, 1, 1, 1, 0]",0.10207792207792209,3,2.7277973905842594,1.0463904250110982
8,"[159237, 0, 9, 4, 0, 31]","[100149, 0, 6, 2, 0, 19]",0.0,3,2.7277973905842594,1.0489837225869303
9,"[166820, 14, 0]","[104958, 10, 0]",0.06913086913086912,3,2.7277973905842594,1.048355267380047
0,"[676, 2749, 85, 196, 1064]","[393, 1650, 47, 106, 648]",0.006773226773226774,5,2.7277973905842594,1.2131714813628185
1,"[188, 2303, 2680, 1247, 186, 900]","[110, 1386, 1627, 750, 111, 538]",0.024915084915084915,5,2.7277973905842594,1.1905316280711313
2,"[372, 750, 1001, 96, 474, 383]","[223, 465, 594, 47, 294, 223]",0.002767232767232768,5,2.7277973905842594,1.2156306248589246
3,"[583, 92, 1670, 2784, 294, 97, 194]","[348, 46, 1018, 1693, 170, 57, 116]",0.005834165834165834,5,2.7277973905842594,1.1841904636822804
4,"[268, 197, 691]","[167, 105, 403]",0.0,5,2.7277973905842594,1.2444914371877636
5,"[386, 280, 0, 97, 98, 193, 879, 95, 101, 194, 1841]","[233, 158, 0, 49, 53, 116, 538, 53, 57, 113, 1115]",0.0038661338661338663,5,2.7277973905842594,1.251966653390245
6,"[393, 200, 728, 52, 491]","[234, 115, 436, 27, 293]",0.0,5,2.7277973905842594,1.2140653368959582
7,"[84, 290, 190, 3542, 1046, 911, 2435]","[48, 167, 116, 2130, 647, 563, 1493]",0.005674325674325674,5,2.7277973905842594,1.1612368387529668
8,"[197, 657, 89, 182]","[106, 391, 47, 99]",0.0009490509490509492,5,2.7277973905842594,1.2663882745325101
9,"[85, 197, 102, 1238, 0]","[47, 114, 55, 715, 0]",0.002837162837162837,5,2.7277973905842594,1.2583675518529125
0,"[543566, 0, 31, 64]","[349101, 0, 23, 39]",0.0,0,3.0792410553301317,1.0037881759244265
1,"[683486, 0, 5]","[438082, 0, 4]",0.65,0,3.0792410553301317,1.0027787065612328
2,"[651833, 207]","[419062, 129]",0.3385014985014985,0,3.0792410553301317,1.0028103756256677
3,"[671534, 279, 10, 138, 0]","[431130, 182, 8, 86, 0]",0.544025974025974,0,3.0792410553301317,1.0027901260067018
4,"[620677, 1, 1, 625, 2]","[398788, 1, 1, 399, 2]",0.038211788211788215,0,3.0792410553301317,1.002831117784184
5,"[632155, 1, 0]","[406036, 1, 0]",0.14164835164835166,0,3.0792410553301317,1.0028435808679537
6,"[561064, 4]","[359955, 4]",0.0,0,3.0792410553301317,1.0037301670182261
7,"[658176, 3]","[422374, 3]",0.41353646353646356,0,3.0792410553301317,1.0028800763607992
8,"[685526, 0, 0]","[440426, 0, 0]",0.6817682317682318,0,3.0792410553301317,1.002811572156427
9,"[665847, 0, 67, 3, 2]","[427218, 0, 48, 2, 2]",0.4894005994005994,0,3.0792410553301317,1.00290139517558
0,"[353396, 0, 0]","[215567, 0, 0]",0.0,1,3.0792410553301317,1.0087292863217858
1,"[374594, 0, 0]","[228737, 0, 0]",0.0,1,3.0792410553301317,1.0085941212039882
2,"[405730, 0, 0]","[247399, 0, 0]",0.15274725274725276,1,3.0792410553301317,1.0074619973432366
3,"[420562, 1, 0]","[256279, 1, 0]",0.30686313686313693,1,3.0792410553301317,1.0077504895164862
4,"[401007, 0, 1, 1]","[244644, 0, 1, 1]",0.10734265734265733,1,3.0792410553301317,1.0077910563254366
5,"[403156, 0, 0]","[245938, 0, 0]",0.12657342657342657,1,3.0792410553301317,1.0074341203072428
6,"[341261, 0, 0, 0, 5]","[208360, 0, 0, 0, 3]",0.0,1,3.0792410553301317,1.0083328226437631
7,"[313190, 1, 2, 3, 0, 0]","[191018, 1, 2, 3, 0, 0]",0.0,1,3.0792410553301317,1.0085905361865921
8,"[309940, 0]","[189153, 0]",0.0,1,3.0792410553301317,1.008909768402377
9,"[384001, 0, 0]","[234132, 0, 0]",0.0,1,3.0792410553301317,1.0083388236759807
0,"[176377, 0, 0, 2]","[110328, 0, 0, 2]",0.05274725274725275,3,3.0792410553301317,1.0511303845025999
1,"[141835, 4, 10, 0, 0, 11]","[88787, 3, 7, 0, 0, 8]",0.0,3,3.0792410553301317,1.0528337555790148
2,"[184327, 0, 0, 17, 0, 0]","[115509, 0, 0, 13, 0, 0]",0.13509490509490513,3,3.0792410553301317,1.0514687303109045
3,"[187886, 0, 0]","[117513, 0, 0]",0.1677222777222777,3,3.0792410553301317,1.0502070723676213
4,"[176535, 4, 4, 6]","[110474, 2, 3, 3]",0.050999000999000996,3,3.0792410553301317,1.0506506975308745
5,"[119306, 0, 0, 1, 45069, 0]","[74660, 0, 0, 1, 28245, 0]",0.026353646353646357,3,3.0792410553301317,1.0508921396397208
6,"[160050, 0, 0, 0, 10, 8]","[100126, 0, 0, 0, 6, 6]",0.0,3,3.0792410553301317,1.0519654459945076
7,"[176225, 0, 0, 0, 3, 3]","[109903, 0, 0, 0, 2, 3]",0.052917082917082914,3,3.0792410553301317,1.0518638183916236
8,"[187710, 0, 2, 0, 0, 0]","[117442, 0, 2, 0, 0, 0]",0.16803196803196804,3,3.0792410553301317,1.0490658666726118
9,"[184452, 1, 2, 3, 0, 2, 5, 1, 0]","[115211, 1, 2, 2, 0, 2, 3, 1, 0]",0.13439560439560438,3,3.0792410553301317,1.0527438360696035
0,"[101, 740, 672, 2, 1, 1025, 297, 298]","[55, 438, 358, 1, 1, 608, 158, 164]",0.006443556443556445,5,3.0792410553301317,1.3191616886352007
1,"[189, 92, 890, 96, 97, 284, 697]","[97, 49, 509, 52, 55, 161, 392]",0.0019080919080919083,5,3.0792410553301317,1.3361357713745454
2,"[593, 712, 1565]","[335, 427, 862]",0.0,5,3.0792410553301317,1.3509748810856075
3,"[96, 386, 517, 725, 93, 395, 2112, 189, 578]","[53, 207, 303, 424, 44, 230, 1246, 116, 337]",0.0,5,3.0792410553301317,1.300503842990707
4,"[381, 96, 195, 97, 387, 695, 794, 494]","[205, 51, 101, 51, 209, 418, 443, 273]",0.0,5,3.0792410553301317,1.3458046500501182
5,"[794, 1, 478, 385, 803, 1490, 393, 196]","[462, 1, 273, 203, 480, 875, 217, 108]",0.011858141858141859,5,3.0792410553301317,1.2956570198413344
6,"[97, 385, 1125, 99]","[50, 213, 656, 56]",0.0,5,3.0792410553301317,1.2719150186799928
7,"[95, 202, 305, 92, 393, 93, 288]","[53, 114, 189, 48, 227, 54, 163]",0.0,5,3.0792410553301317,1.3537921701550029
8,"[480, 95, 192, 792, 97, 0, 690]","[275, 48, 102, 460, 57, 0, 403]",0.0,5,3.0792410553301317,1.27709955618796
9,"[288, 1192, 897]","[164, 678, 503]",0.000999000999000999,5,3.0792410553301317,1.4057474095727618
0,"[675045, 19]","[433826, 13]",0.2378621378621379,0,3.4759639808878022,1.0023022187799464
1,"[715145, 4, 4]","[459179, 4, 4]",0.6411788211788211,0,3.4759639808878022,1.002317917400639
2,"[0, 563651, 0]","[0, 362168, 0]",9.99000999000999e-06,0,3.4759639808878022,1.0032445397928662
3,[492104],[315893],0.0,0,3.4759639808878022,1.00324704592554
4,"[714478, 6]","[459331, 4]",0.6379420579420579,0,3.4759639808878022,1.0023569650409165
5,"[646773, 6, 5]","[415742, 5, 2]",0.0,0,3.4759639808878022,1.0029919193020178
6,"[385116, 71]","[247466, 46]",0.0,0,3.4759639808878022,1.003863905314739
7,"[545249, 0]","[350429, 0]",0.0,0,3.4759639808878022,1.0036895214263142
8,"[654761, 2, 0]","[420458, 1, 0]",0.04679320679320679,0,3.4759639808878022,1.0023212226567633
9,"[547629, 1, 0, 3, 767]","[351623, 1, 0, 3, 475]",0.0,0,3.4759639808878022,1.0034322799710242
0,"[430279, 0]","[257856, 0]",0.23793206793206795,1,3.4759639808878022,1.0066593903131897
1,"[405404, 0, 0, 1, 1]","[242979, 0, 0, 1, 1]",0.0,1,3.4759639808878022,1.0072893956039954
2,"[425882, 0, 3]","[254925, 0, 2]",0.20169830169830172,1,3.4759639808878022,1.0068326945816728
3,"[342323, 0, 0]","[205194, 0, 0]",0.0,1,3.4759639808878022,1.007426964990683
4,[393697],[235786],0.0,1,3.4759639808878022,1.0078892312108638
5,"[265668, 0, 5]","[158949, 0, 4]",0.0,1,3.4759639808878022,1.008098458144605
6,"[388927, 0, 2, 0, 0, 0]","[232710, 0, 2, 0, 0, 0]",0.0,1,3.4759639808878022,1.007795496228445
7,"[351148, 1, 0]","[210274, 1, 0]",0.0,1,3.4759639808878022,1.007940740264699
8,"[430152, 0, 2, 0, 0]","[257467, 0, 1, 0, 0]",0.23913086913086914,1,3.4759639808878022,1.0069373454785973
9,"[415042, 3, 0, 0]","[248643, 2, 0, 0]",0.09092907092907095,1,3.4759639808878022,1.0069489908931437
0,"[187373, 0, 2]","[116316, 0, 2]",0.07157842157842158,3,3.4759639808878022,1.059397036114388
1,"[196180, 0, 0, 1, 1, 0, 0]","[121699, 0, 0, 1, 1, 0, 0]",0.15974025974025974,3,3.4759639808878022,1.0569994666722533
2,"[154172, 0]","[95601, 0]",0.0,3,3.4759639808878022,1.0597007302986996
3,"[196888, 0, 0, 1, 0]","[122170, 0, 0, 1, 0]",0.16413586413586415,3,3.4759639808878022,1.058539009700365
4,"[177617, 0, 0, 6, 0, 0]","[110074, 0, 0, 5, 0, 0]",0.0,3,3.4759639808878022,1.0606728837985901
5,"[175569, 6, 1, 0]","[108831, 5, 1, 0]",0.0,3,3.4759639808878022,1.0623796379987533
6,"[186748, 1, 1]","[115858, 1, 1]",0.06679320679320679,3,3.4759639808878022,1.057776229822799
7,"[198549, 0, 0, 0, 0, 0, 2]","[123228, 0, 0, 0, 0, 0, 1]",0.183996003996004,3,3.4759639808878022,1.0579470690672363
8,"[142448, 4]","[88207, 2]",0.0,3,3.4759639808878022,1.0598926059089924
9,"[66946, 0, 2, 1, 27475, 1, 0]","[41345, 0, 2, 1, 17082, 1, 0]",0.0,3,3.4759639808878022,1.066108940798787
0,"[98, 488, 0, 93, 197, 96]","[54, 258, 0, 50, 108, 51]",0.000989010989010989,5,3.4759639808878022,1.6009922079189476
1,"[584, 94, 295, 193, 99]","[305, 47, 166, 99, 55]",0.001958041958041958,5,3.4759639808878022,1.4934862901956714
2,"[97, 98, 592, 195, 0, 95]","[51, 48, 317, 105, 0, 46]",0.0,5,3.4759639808878022,1.5135462832812587
3,"[592, 498, 195, 1590, 96, 98, 600, 200, 96]","[316, 266, 108, 841, 48, 50, 326, 115, 49]",0.001938061938061938,5,3.4759639808878022,1.456298788105578
4,"[579, 489, 99, 195, 387]","[311, 269, 53, 100, 199]",0.00973026973026973,5,3.4759639808878022,1.5097229432873902
5,"[195, 680, 306, 97, 100]","[107, 353, 168, 55, 56]",0.003966033966033966,5,3.4759639808878022,1.4882278829126212
6,"[1, 894, 97, 283, 203, 492]","[1, 487, 46, 153, 111, 263]",1.998001998001998e-05,5,3.4759639808878022,1.4687544813557831
7,"[97, 1084, 796, 98, 99, 1192, 98, 98]","[55, 599, 440, 49, 53, 649, 50, 53]",0.000979020979020979,5,3.4759639808878022,1.408894105194385
8,"[97, 197, 189, 93, 98, 200, 98, 196]","[53, 103, 98, 49, 52, 104, 50, 106]",0.000979020979020979,5,3.4759639808878022,1.5393687695116636
9,"[798, 1196, 94, 99]","[431, 654, 47, 49]",0.000969030969030969,5,3.4759639808878022,1.4239536055135824
0,[647784],[416160],0.0,0,3.923799851757305,1.0029596420681317
1,"[602738, 15]","[387293, 11]",0.0,0,3.923799851757305,1.0029384815809956
2,"[686955, 0]","[441586, 0]",0.06488511488511489,0,3.923799851757305,1.0019622824313958
3,"[685793, 0, 151, 1]","[440757, 0, 91, 1]",0.06112887112887113,0,3.923799851757305,1.0019365845448196
4,"[637946, 109, 0]","[409784, 71, 0]",0.0,0,3.923799851757305,1.0030183280809464
5,"[694291, 3, 1, 29]","[446446, 2, 1, 22]",0.14114885114885115,0,3.923799851757305,1.0018632104913625
6,"[628475, 9]","[403823, 8]",0.0,0,3.923799851757305,1.002939282520622
7,"[708698, 4, 0]","[455577, 3, 0]",0.2808991008991009,0,3.923799851757305,1.00183858926226
8,[668497],[429453],0.0,0,3.923799851757305,1.00275451520995
9,"[741886, 0]","[477460, 0]",0.6096003996003997,0,3.923799851757305,1.0018488825391139
0,"[404734, 0]","[236830, 0]",0.0,1,3.923799851757305,1.0064356323126704
1,"[429452, 0, 0]","[251281, 0, 0]",0.10514485514485515,1,3.923799851757305,1.0061427467241952
2,"[321838, 0, 0]","[188472, 0, 0]",0.0,1,3.923799851757305,1.0072269982971485
3,"[435503, 0, 1]","[254615, 0, 1]",0.16256743256743256,1,3.923799851757305,1.006210571474967
4,"[450172, 0, 0, 1, 0, 0, 0]","[262908, 0, 0, 1, 0, 0, 0]",0.306993006993007,1,3.923799851757305,1.0060019677578342
5,"[428458, 1, 0, 0]","[250195, 1, 0, 0]",0.09131868131868132,1,3.923799851757305,1.0058367289550283
6,"[459816, 0, 0, 0, 0, 0, 0]","[268858, 0, 0, 0, 0, 0, 0]",0.4105994005994006,1,3.923799851757305,1.005895182777578
7,[459827],[269262],0.4070829170829171,1,3.923799851757305,1.0058679168591411
8,"[441027, 0, 0, 0, 0]","[257840, 0, 0, 0, 0]",0.21945054945054945,1,3.923799851757305,1.006191223340926
9,"[356416, 0, 0]","[208291, 0, 0]",0.0,1,3.923799851757305,1.0075291053649937
0,"[176033, 1, 7, 0, 11, 0, 3]","[107981, 1, 4, 0, 7, 0, 2]",0.0,3,3.923799851757305,1.0671506396771067
1,"[190350, 1, 0, 1, 0, 2]","[116576, 1, 0, 1, 0, 2]",0.023206793206793204,3,3.923799851757305,1.0693873326918066
2,"[192878, 0, 1, 0, 0, 0, 1]","[118232, 0, 1, 0, 0, 0, 1]",0.04787212787212786,3,3.923799851757305,1.0678566440818962
3,"[199938, 0, 0, 1, 1, 0, 1, 0]","[122703, 0, 0, 1, 1, 0, 1, 0]",0.11906093906093906,3,3.923799851757305,1.0701195196402908
4,"[188126, 2, 0, 0, 1]","[115172, 1, 0, 0, 1]",0.0,3,3.923799851757305,1.0705753312074087
5,"[197002, 1, 0]","[120832, 1, 0]",0.08910089910089909,3,3.923799851757305,1.0662904329177079
6,"[187691, 3, 0, 0, 0, 0, 1]","[115318, 3, 0, 0, 0, 0, 1]",0.0,3,3.923799851757305,1.0700766061056521
7,"[199849, 0, 17, 3, 4, 0, 0, 0, 2, 0, 4]","[122641, 0, 10, 2, 4, 0, 0, 0, 2, 0, 2]",0.11831168831168831,3,3.923799851757305,1.067002987879014
8,"[174659, 13, 3]","[107226, 7, 3]",0.0,3,3.923799851757305,1.069620094450641
9,"[199837, 7, 0, 0, 0, 0]","[122442, 5, 0, 0, 0, 0]",0.11932067932067932,3,3.923799851757305,1.070396721810325
0,"[197, 293, 202, 0, 599]","[98, 152, 102, 0, 314]",0.001988011988011988,5,3.923799851757305,1.5175188388282184
1,"[195, 390, 100, 100, 0, 95, 99]","[96, 195, 49, 50, 0, 46, 50]",0.002937062937062937,5,3.923799851757305,1.6309120169261617
2,"[196, 689, 202]","[98, 328, 107]",0.0,5,3.923799851757305,1.70017904247942
3,"[407, 299, 494, 97, 97, 501]","[193, 148, 257, 42, 52, 256]",0.0,5,3.923799851757305,1.6547541192441921
4,"[198, 196, 598, 1487, 191]","[96, 93, 306, 773, 91]",0.000989010989010989,5,3.923799851757305,1.5792019885862756
5,"[300, 95, 98, 99, 93, 99, 501, 200]","[155, 45, 47, 48, 46, 49, 252, 101]",0.002017982017982018,5,3.923799851757305,1.6910317274555622
6,"[511, 395, 99, 292, 297, 296, 21]","[266, 202, 56, 150, 140, 142, 7]",0.0006793206793206793,5,3.923799851757305,1.6320024637326822
7,"[389, 97, 596]","[191, 50, 306]",0.000989010989010989,5,3.923799851757305,1.621549270820744
8,"[97, 390, 1106, 100, 199, 194]","[47, 194, 589, 48, 101, 90]",0.0,5,3.923799851757305,1.555761353667651
9,"[194, 294, 99, 100, 494]","[92, 146, 48, 45, 263]",0.000989010989010989,5,3.923799851757305,1.5773873804864205
0,[729237],[469431],0.2261938061938062,0,4.429333952050413,1.0015128144428476
1,[629050],[403610],0.0,0,4.429333952050413,1.0027342784865936
2,"[603038, 10]","[387770, 8]",0.0,0,4.429333952050413,1.0027740880286502
3,"[721026, 4]","[463922, 3]",0.14899100899100898,0,4.429333952050413,1.0015321565198414
4,"[759733, 0]","[488746, 0]",0.5393506493506494,0,4.429333952050413,1.001567831844976
5,"[782416, 3, 44]","[503335, 3, 27]",0.7561538461538463,0,4.429333952050413,1.0015645391291865
6,[718255],[462082],0.12041958041958044,0,4.429333952050413,1.0015638390858606
7,[665463],[427999],0.0,0,4.429333952050413,1.0025570130492676
8,"[752837, 0]","[484407, 0]",0.46356643356643357,0,4.429333952050413,1.0015563624260315
9,"[753678, 1, 1, 1663, 1, 3]","[484280, 1, 1, 1069, 1, 2]",0.4935064935064935,0,4.429333952050413,1.0015597701236556
0,"[431193, 0, 0, 0, 0]","[244915, 0, 0, 0, 0]",0.025684315684315683,1,4.429333952050413,1.005406665133756
1,"[340477, 0, 0]","[192992, 0, 0]",0.0,1,4.429333952050413,1.006654251658028
2,"[366532, 0, 0]","[208000, 0, 0]",0.0,1,4.429333952050413,1.0064953199360225
3,"[469053, 0, 1, 0, 1, 0]","[266546, 0, 1, 0, 1, 0]",0.4001698301698302,1,4.429333952050413,1.005546184218357
4,"[447314, 0]","[253383, 0]",0.1795304695304695,1,4.429333952050413,1.0054305228661549
5,"[467740, 0, 0, 0, 0]","[265771, 0, 0, 0, 0]",0.39084915084915084,1,4.429333952050413,1.0055209159119398
6,"[340830, 1]","[193305, 1]",0.0,1,4.429333952050413,1.006611685441241
7,"[448594, 0, 0, 3]","[254755, 0, 0, 3]",0.19656343656343656,1,4.429333952050413,1.005389728700332
8,"[460076, 0, 1]","[260795, 0, 1]",0.31089910089910094,1,4.429333952050413,1.0058673534037248
9,"[0, 346873, 0, 2, 0, 0]","[0, 197343, 0, 2, 0, 0]",0.0,1,4.429333952050413,1.0064053515381328
0,"[200661, 6, 1]","[120851, 4, 1]",0.06641358641358641,3,4.429333952050413,1.0911475715620294
1,"[206335, 0, 5, 0, 0]","[123832, 0, 3, 0, 0]",0.11992007992007991,3,4.429333952050413,1.0931989090268341
2,"[215425, 1, 21, 1, 0]","[129296, 1, 16, 1, 0]",0.21331668331668333,3,4.429333952050413,1.0935432160004228
3,"[214432, 0, 0, 4, 4, 1, 0]","[128337, 0, 0, 3, 3, 1, 0]",0.2053046953046953,3,4.429333952050413,1.1009681439314174
4,[195129],[117373],0.009620379620379621,3,4.429333952050413,1.0923306417139775
5,"[209155, 5, 2, 4, 2, 0]","[125934, 3, 2, 3, 2, 0]",0.14945054945054947,3,4.429333952050413,1.0890048338703957
6,[139399],[83547],0.0,3,4.429333952050413,1.1000196347938336
7,"[194986, 7, 0, 10, 0, 0, 0]","[117474, 6, 0, 7, 0, 0, 0]",0.004325674325674326,3,4.429333952050413,1.089400876186869
8,"[215150, 0]","[129345, 0]",0.20470529470529472,3,4.429333952050413,1.0870458576313808
9,"[148575, 0]","[89525, 0]",0.0,3,4.429333952050413,1.0951295643427787
0,"[495, 408, 301, 301, 197]","[218, 201, 167, 158, 98]",0.001998001998001998,5,4.429333952050413,1.5961741309901654
1,"[98, 197, 99, 404, 294]","[43, 95, 45, 188, 131]",0.000989010989010989,5,4.429333952050413,1.811621577118131
2,"[100, 97, 99, 693]","[48, 44, 51, 318]",0.001988011988011988,5,4.429333952050413,1.9331331024581035
3,"[197, 792]","[88, 376]",0.0,5,4.429333952050413,1.7831163355522894
4,"[396, 98, 99, 99, 196, 99]","[193, 46, 47, 40, 86, 47]",0.000979020979020979,5,4.429333952050413,1.9163397128439184
5,"[99, 197, 198, 397]","[50, 98, 86, 176]",0.000999000999000999,5,4.429333952050413,1.9189432124812538
6,"[295, 597, 402, 197, 98, 291, 198, 98]","[138, 291, 205, 85, 46, 143, 95, 50]",0.0009990009990009988,5,4.429333952050413,1.7531861541105576
7,"[98, 98, 296, 99, 98, 399]","[42, 45, 138, 45, 44, 196]",0.001978021978021978,5,4.429333952050413,1.8151856514209166
8,"[193, 199, 496]","[95, 86, 240]",0.001948051948051948,5,4.429333952050413,1.7104291040816233
9,[890],[420],0.000979020979020979,5,4.429333952050413,1.7685253311805924
0,"[725310, 8, 6]","[466283, 6, 5]",0.0,0,5.000000000000001,1.0024014527386733
1,"[333772, 441865]","[214847, 284156]",0.4598301698301698,0,5.000000000000001,1.0012695960539624
2,"[781185, 0, 661]","[501865, 0, 420]",0.5313586413586413,0,5.000000000000001,1.001333924276537
3,"[653700, 1225, 2]","[420295, 779, 2]",0.0,0,5.000000000000001,1.0023956385897077
4,[732846],[471010],0.03971028971028971,0,5.000000000000001,1.001313679835269
5,[687164],[441804],0.0,0,5.000000000000001,1.0025663085722913
6,[755662],[485983],0.2593006993006993,0,5.000000000000001,1.0012871078876555
7,"[798531, 0]","[513040, 0]",0.6918381618381618,0,5.000000000000001,1.0013298193877858
8,"[771373, 2]","[496075, 2]",0.40975024975024976,0,5.000000000000001,1.0013221931378096
9,[789127],[507715],0.594075924075924,0,5.000000000000001,1.0013232709921716
0,"[483579, 0, 0, 0, 0]","[264960, 0, 0, 0, 0]",0.4713586413586414,1,5.000000000000001,1.004880935695954
1,"[455894, 0, 0, 0]","[249575, 0, 0, 0]",0.19436563436563437,1,5.000000000000001,1.0048497965089924
2,[403452],[221209],0.0,1,5.000000000000001,1.0057302819275589
3,"[458946, 0, 0, 0]","[251117, 0, 0, 0]",0.22576423576423574,1,5.000000000000001,1.0049679592105603
4,"[408795, 0, 0]","[223635, 0, 0]",0.0,1,5.000000000000001,1.0058518327206754
5,"[448276, 2, 0, 0]","[245470, 2, 0, 0]",0.12507492507492507,1,5.000000000000001,1.0050569246671581
6,"[413691, 0, 0]","[226430, 0, 0]",0.0,1,5.000000000000001,1.0057011418748942
7,"[478109, 0, 0, 0]","[261366, 0, 0, 0]",0.4196903096903097,1,5.000000000000001,1.0052496315708077
8,"[481786, 0, 0, 0]","[263751, 0, 0, 0]",0.45301698301698307,1,5.000000000000001,1.0050256630964225
9,"[417499, 0]","[228203, 0]",0.0,1,5.000000000000001,1.0059918977569282
0,"[211280, 1, 0, 1]","[123316, 1, 0, 1]",0.12105894105894105,3,5.000000000000001,1.1313807588168956
1,"[214920, 0, 0, 1, 5, 0, 0]","[125924, 0, 0, 1, 3, 0, 0]",0.15635364635364635,3,5.000000000000001,1.123941755767707
2,"[206912, 0, 0, 2, 0, 0]","[120739, 0, 0, 2, 0, 0]",0.07585414585414586,3,5.000000000000001,1.1293087162221156
3,"[143900, 0, 1, 3, 3, 2]","[84646, 0, 1, 2, 2, 2]",0.0,3,5.000000000000001,1.1139285094555287
4,"[204519, 0, 0, 1, 1, 1, 1, 0]","[119634, 0, 0, 1, 1, 1, 1, 0]",0.048031968031968034,3,5.000000000000001,1.1232408730887824
5,"[189329, 0, 0, 1, 0]","[110605, 0, 0, 1, 0]",0.0,3,5.000000000000001,1.1310695938379094
6,"[207115, 4, 2]","[120787, 3, 2]",0.07745254745254745,3,5.000000000000001,1.1296281397808496
7,"[193023, 0, 7, 0, 0]","[112356, 0, 5, 0, 0]",0.0,3,5.000000000000001,1.1395853557103683
8,"[218677, 1, 0, 3, 10, 0, 6, 0, 0, 0, 0]","[127079, 1, 0, 3, 5, 0, 3, 0, 0, 0, 0]",0.20024975024975022,3,5.000000000000001,1.1344116323619862
9,"[210044, 6, 0, 0, 3]","[122899, 4, 0, 0, 1]",0.10598401598401598,3,5.000000000000001,1.1247054703796162
0,"[294, 398, 198, 98, 196, 99, 196, 98]","[129, 178, 92, 47, 89, 45, 79, 44]",0.0,5,5.000000000000001,2.0982908818163226
1,"[296, 196, 99, 195, 297]","[125, 79, 40, 85, 131]",0.0019880119880119882,5,5.000000000000001,2.0958320200111964
2,"[198, 99, 196, 396]","[86, 44, 80, 160]",0.0,5,5.000000000000001,2.1671811847999054
3,"[98, 197, 298, 198, 100]","[42, 82, 121, 82, 47]",0.000989010989010989,5,5.000000000000001,2.202796402778856
4,"[99, 99, 99, 98]","[44, 41, 47, 35]",0.0,5,5.000000000000001,2.1769190556900013
5,"[297, 98, 98, 99, 394]","[127, 43, 41, 37, 162]",0.0,5,5.000000000000001,2.2119256754086503
6,"[395, 98]","[165, 42]",0.001998001998001998,5,5.000000000000001,1.9994389982194862
7,"[792, 101, 196]","[354, 44, 86]",0.000999000999000999,5,5.000000000000001,2.0543300723299702
8,"[297, 197, 198]","[129, 92, 89]",0.001998001998001998,5,5.000000000000001,2.155826250998581
9,"[293, 198, 198, 296]","[136, 88, 91, 125]",0.000999000999000999,5,5.000000000000001,2.0154750227184115
