input_spikes, total_spikes
47,2
50,4
44,6
42,11
51,25
49,38
42,42
53,68
43,92
32,105
34,136
35,157
29,164
40,206
34,208
17,189
24,164
28,104
28,95
29,99
25,103
33,103
37,105
41,104
25,81
43,63
35,59
38,74
38,80
34,83
43,86
40,98
42,134
32,138
34,167
34,182
37,177
22,137
32,101
32,102
29,95
31,99
46,98
42,89
33,91
29,72
35,83
35,105
30,107
32,104
47,115
31,126
38,142
26,160
17,165
25,167
31,173
19,157
32,178
33,206
26,205
19,243
29,285
33,262
23,233
18,187
30,193
16,185
18,207
17,231
27,253
26,269
25,253
17,204
14,190
22,189
26,165
17,176
21,198
18,209
18,242
29,268
17,263
17,250
18,235
24,219
30,197
22,181
17,178
24,189
18,202
23,231
30,252
17,252
24,252
13,213
26,210
23,215
18,206
21,218
23,224
24,238
18,240
22,262
19,264
14,263
20,265
18,244
16,218
21,208
17,210
12,201
25,226
35,251
23,244
26,237
15,207
18,195
21,186
16,192
29,205
12,210
27,236
15,234
22,240
21,262
21,265
19,259
20,223
22,208
19,202
22,216
22,208
28,223
19,230
18,244
23,222
23,205
27,186
22,193
20,192
33,210
30,240
27,272
26,271
22,267
10,260
14,212
11,211
18,204
22,212
18,215
32,233
11,223
22,243
24,253
19,231
14,206
22,219
20,228
25,226
13,235
23,284
14,291
20,275
19,274
23,281
14,285
20,288
14,268
10,293
9,315
15,312
12,298
16,288
12,299
16,283
11,278
14,283
15,305
13,310
9,290
10,270
14,275
14,272
10,248
17,268
16,269
19,286
21,285
15,268
19,264
13,222
17,220
20,233
22,248
23,255
17,278
25,311
12,288
14,294
10,284
22,251
16,247
14,246
19,283
8,270
17,271
17,273
26,283
14,254
17,216
27,230
19,241
18,238
14,260
20,263
17,252
13,215
14,193
14,175
16,167
19,164
28,164
26,170
18,182
34,181
22,173
29,180
13,160
19,169
29,173
29,141
25,126
33,122
21,111
29,114
41,129
40,161
26,160
40,178
36,185
20,148
29,140
30,117
32,126
31,140
18,128
30,150
34,166
26,190
27,221
24,239
28,213
22,207
22,194
22,136
17,90
21,55
37,34
37,40
34,58
31,91
30,136
36,190
36,218
26,235
22,201
25,157
22,158
28,215
28,267
20,235
19,206
25,188
29,181
19,148
24,141
32,179
23,191
38,235
19,219
28,252
23,252
18,276
16,274
16,276
18,258
14,252
11,259
21,278
16,267
21,286
22,295
10,277
14,293
19,293
16,274
14,264
12,261
11,259
12,265
11,279
12,289
19,294
13,286
17,233
14,226
19,231
21,222
13,218
14,236
20,266
19,262
19,234
17,220
24,237
22,227
24,213
9,235
26,266
18,275
19,253
23,254
21,231
23,221
21,241
20,243
16,230
13,243
20,267
21,288
20,276
24,268
16,279
20,273
22,250
16,270
18,252
19,274
15,291
29,294
13,260
19,239
16,244
19,238
23,262
13,284
21,306
16,295
19,292
23,270
14,249
14,244
13,262
17,269
15,290
19,318
9,306
11,294
8,233
17,241
22,242
11,253
10,280
22,306
17,295
19,326
17,231
8,212
21,212
19,227
10,234
14,249
20,270
18,283
15,264
22,248
20,253
16,243
18,210
27,214
21,239
27,250
21,236
25,241
26,244
14,229
24,193
22,209
21,207
29,236
18,227
24,257
23,249
23,256
13,223
23,218
18,247
13,222
18,232
23,264
25,287
16,282
16,260
11,250
19,242
19,223
14,215
23,231
18,246
7,255
21,272
18,248
17,238
22,246
18,264
30,289
10,278
15,284
22,277
10,265
10,255
21,259
23,255
20,254
18,276
13,242
20,266
21,264
17,254
25,286
14,249
17,254
15,259
16,262
22,250
18,250
22,259
22,274
19,287
16,274
10,266
16,280
10,272
14,266
19,290
12,274
17,288
14,292
15,264
18,273
10,288
13,296
14,299
10,280
13,299
16,309
13,276
11,274
18,298
9,294
16,275
14,279
19,306
11,300
13,274
13,264
9,266
12,279
16,269
12,247
15,245
15,248
13,262
21,289
14,264
19,254
23,235
19,240
22,232
15,213
19,226
22,247
23,242
21,274
17,262
17,264
17,282
15,264
11,249
26,250
17,252
22,285
23,254
14,240
17,247
12,236
11,224
19,239
17,221
20,214
18,230
22,247
27,252
14,232
24,248
13,257
15,213
23,194
23,180
23,185
21,192
18,212
23,235
15,252
31,243
19,260
28,271
14,234
24,206
13,193
20,217
20,239
17,253
15,253
13,261
21,277
15,266
17,265
10,240
16,243
20,255
16,265
15,250
15,267
14,284
16,281
14,278
18,268
16,237
13,240
12,259
16,250
16,266
20,273
16,282
11,249
11,233
18,229
26,235
12,238
15,255
24,258
16,256
25,283
19,277
12,236
15,217
14,205
18,216
28,264
19,252
12,263
15,286
17,300
17,246
20,210
16,198
26,221
22,226
18,247
19,274
17,275
15,263
10,264
25,252
12,207
13,201
15,217
23,232
14,259
21,283
26,270
20,239
16,234
18,199
16,180
24,203
25,236
20,252
24,276
21,280
18,298
19,272
22,269
13,270
13,242
15,261
12,284
18,281
18,299
17,312
10,275
19,277
17,257
14,239
17,244
22,274
18,299
26,290
8,268
20,286
16,295
16,255
18,225
18,244
17,272
19,282
21,264
19,258
16,247
24,254
9,222
13,220
17,221
17,249
12,248
21,244
20,222
15,217
14,215
18,230
19,228
18,229
25,248
24,267
22,294
13,304
9,305
14,305
17,290
12,241
13,239
20,270
16,296
12,304
11,314
24,314
12,277
14,247
14,233
19,257
13,289
20,322
15,334
18,336
16,309
10,280
8,241
14,266
15,281
19,295
12,327
17,317
13,308
17,315
10,263
12,246
15,273
19,305
14,304
17,303
15,267
23,279
11,276
13,282
11,281
14,280
14,274
10,271
10,251
17,246
7,256
25,279
14,291
14,297
13,289
13,274
16,266
16,252
15,248
24,273
21,290
16,279
18,292
15,242
24,243
15,243
16,245
20,225
13,217
21,231
22,262
14,205
26,203
20,177
27,166
18,184
17,201
22,216
22,240
18,280
26,284
13,265
16,266
14,256
29,252
17,215
14,213
19,226
20,226
16,216
20,252
23,260
21,269
24,270
24,277
7,249
19,239
15,248
19,256
27,266
14,288
17,274
19,267
17,272
17,287
12,286
11,272
17,268
17,269
23,280
14,269
19,277
12,292
24,293
23,280
30,274
6,263
10,279
8,290
12,303
13,308
10,289
17,290
10,274
13,257
18,234
16,221
17,222
13,239
24,271
19,252
21,255
14,242
23,272
19,246
12,230
17,233
17,242
22,275
18,273
17,280
15,266
22,263
15,229
13,209
18,198
12,200
26,228
29,250
17,250
16,243
16,248
12,268
18,267
15,266
15,244
21,238
17,260
13,299
23,310
15,300
18,268
21,264
14,255
13,259
17,272
15,301
15,321
16,262
19,250
19,273
18,270
11,274
14,288
14,294
13,306
18,287
16,266
14,256
11,262
11,252
19,233
19,235
17,260
23,251
12,234
21,220
17,219
20,235
18,234
14,241
19,238
27,254
27,278
18,306
10,317
17,278
15,301
14,264
12,230
16,223
18,251
19,282
16,302
21,249
20,242
21,255
14,230
15,200
21,217
19,222
17,247
32,288
21,278
18,277
25,292
13,262
16,250
12,248
13,270
14,286
14,313
13,287
9,260
15,254
13,251
14,244
11,220
19,232
28,258
17,273
13,273
25,310
17,286
24,254
10,184
15,177
23,180
16,191
27,174
17,173
24,206
27,246
22,251
24,247
25,243
23,224
23,216
17,204
23,249
24,283
23,293
17,310
19,299
22,242
19,189
12,177
24,195
15,215
23,235
26,242
26,247
21,254
29,259
22,255
18,185
14,171
15,179
22,204
25,231
25,202
18,218
23,248
24,247
15,254
19,217
13,214
32,220
24,243
24,282
14,303
21,338
15,308
16,273
12,251
7,237
12,228
15,240
15,281
26,313
18,294
20,264
15,232
11,200
12,190
23,196
22,215
26,246
24,266
21,275
19,285
25,272
16,213
15,199
16,191
18,219
17,201
28,226
17,234
22,243
17,250
20,234
16,210
27,230
14,218
18,245
20,240
24,252
23,274
12,248
15,268
18,286
10,287
15,275
15,251
13,238
15,263
19,282
12,281
14,298
15,302
13,302
18,271
13,240
12,244
14,263
19,277
14,300
20,304
13,300
9,287
14,266
16,262
12,277
20,302
15,337
11,344
11,329
11,288
8,240
15,233
12,239
15,258
19,284
14,286
17,299
21,294
13,256
12,207
12,195
20,204
19,202
23,215
13,214
27,256
21,283
15,270
14,234
25,189
15,181
22,195
25,226
20,223
22,233
19,261
13,254
27,270
10,259
22,269
12,225
29,242
6,237
17,234
25,253
22,241
19,262
30,273
18,268
16,228
13,230
10,221
20,220
18,238
26,260
23,273
16,280
12,287
19,281
15,264
16,277
17,277
22,270
19,273
20,278
12,261
16,272
15,284
22,279
15,282
14,305
6,291
14,292
14,290
5,268
10,262
18,250
18,262
17,249
18,256
16,259
10,266
15,268
9,268
18,253
12,252
12,233
18,237
17,221
15,242
18,250
24,256
14,259
14,285
15,275
18,254
16,225
18,213
16,239
19,242
20,266
24,265
16,268
21,270
19,272
16,258
11,237
12,239
18,252
16,268
20,265
21,274
25,285
9,258
24,239
9,212
20,213
12,230
18,225
16,264
26,273
19,284
16,290
17,232
15,204
15,204
18,213
16,223
13,236
28,250
18,250
22,257
26,209
23,199
15,183
21,183
30,195
25,203
22,223
26,243
17,226
24,228
19,263
22,284
13,295
22,315
14,291
9,281
6,258
11,245
17,252
22,247
22,241
23,258
20,245
14,230
20,239
15,230
24,241
20,231
23,242
24,252
15,255
21,280
12,274
10,270
21,256
16,241
16,213
22,222
15,252
16,253
21,279
20,263
26,253
26,251
20,234
16,221
19,243
24,272
19,298
18,300
16,310
14,296
18,284
21,269
13,243
13,262
21,298
18,314
21,303
13,306
15,303
12,290
16,274
14,284
11,287
17,309
15,314
14,309
9,291
16,292
18,282
15,281
7,277
16,301
12,307
16,318
15,324
12,300
14,277
8,274
14,261
14,285
13,298
12,314
15,303
9,264
19,276
10,246
14,231
18,235
20,266
18,282
17,306
17,299
23,284
16,269
11,266
13,274
11,286
14,303
17,332
13,311
12,306
9,289
11,278
11,258
12,261
17,290
10,321
12,321
15,276
21,276
11,240
16,218
11,219
11,225
26,269
14,304
6,304
14,290
23,275
18,242
11,203
20,206
28,243
8,249
25,277
16,303
16,288
22,263
10,228
16,190
22,192
20,213
26,229
16,272
21,312
20,311
11,281
21,244
15,227
15,233
13,238
22,276
19,307
17,340
19,329
12,278
9,246
10,229
6,210
23,230
19,253
24,288
14,288
20,302
18,280
13,249
14,210
13,190
18,184
16,205
18,242
21,261
24,259
26,277
21,249
15,196
16,172
20,172
15,184
27,205
20,228
23,272
24,285
22,301
15,296
15,272
17,213
11,195
22,200
27,231
21,242
20,253
27,269
23,283
18,278
13,233
22,198
11,203
21,227
24,236
27,281
14,272
20,325
15,320
14,234
13,200
14,190
19,182
23,206
28,251
25,290
13,300
12,287
11,256
25,222
12,180
16,157
24,161
26,181
26,208
26,237
19,236
25,243
24,245
17,217
14,217
21,223
23,229
20,252
20,256
16,278
15,281
21,279
22,257
21,253
13,256
19,245
18,248
23,249
18,261
18,267
16,274
24,257
17,228
12,197
17,195
19,198
13,188
28,206
17,219
24,220
20,217
27,234
23,252
21,242
20,221
21,197
24,182
22,193
17,194
20,207
19,210
25,236
21,244
18,240
15,235
19,206
30,190
20,173
23,172
29,198
25,221
27,244
24,266
9,264
23,276
29,264
17,221
22,205
19,217
14,217
16,251
22,283
16,279
18,283
12,235
21,201
16,190
14,190
17,198
22,217
22,254
17,236
21,246
24,280
15,267
18,266
19,244
16,254
18,263
16,271
20,286
15,231
16,222
22,221
22,191
30,233
13,236
19,258
19,288
23,290
19,257
19,235
12,206
21,205
23,220
23,234
24,269
27,288
20,289
21,313
12,302
8,244
16,241
16,248
21,274
20,263
17,282
20,307
14,300
17,284
17,250
18,244
18,263
14,277
12,278
18,271
11,275
22,277
22,248
13,214
23,235
12,223
11,235
22,256
23,285
20,290
17,296
17,277
12,220
27,226
23,235
19,208
12,222
21,233
21,253
19,256
19,260
25,240
21,221
13,204
19,178
24,182
22,198
26,212
19,233
26,250
23,277
20,236
13,213
24,199
10,195
21,179
21,203
26,220
25,245
17,256
29,278
20,277
19,235
16,214
24,200
15,211
22,200
18,208
24,201
24,210
34,237
24,245
25,271
15,247
26,284
21,309
14,313
9,288
21,251
16,236
17,232
19,188
16,171
13,190
18,224
18,232
39,291
20,313
12,264
18,210
18,192
24,203
13,230
12,241
21,277
26,303
23,290
18,256
15,218
16,226
18,220
21,231
16,247
19,254
16,277
12,286
11,242
10,200
20,176
13,168
25,186
23,185
28,203
26,219
24,246
19,285
18,291
21,253
15,195
10,192
20,205
26,214
21,219
27,254
30,276
17,298
17,291
15,252
14,255
18,256
22,268
15,256
23,270
14,301
13,285
21,278
18,245
19,257
20,261
23,270
14,279
15,297
14,277
9,253
15,223
15,207
16,217
21,214
25,189
23,185
27,185
38,230
22,263
10,282
24,286
20,264
21,251
17,202
18,202
19,231
17,264
22,276
24,278
17,235
16,212
20,201
17,209
18,205
17,207
24,205
25,225
18,230
17,244
15,253
19,238
21,239
24,208
16,162
18,150
22,151
26,168
28,184
29,185
27,204
23,214
19,228
26,241
22,238
34,240
29,225
18,207
15,198
20,233
20,259
27,253
17,215
16,222
25,200
27,187
17,170
28,183
22,184
25,190
20,207
30,232
23,242
22,211
20,199
16,192
19,184
22,208
30,233
15,225
31,204
21,198
27,199
13,197
19,206
33,206
21,188
26,179
23,187
19,183
29,210
18,223
23,214
20,227
24,217
14,234
32,267
16,251
17,281
23,277
17,259
15,251
26,272
15,237
14,254
17,269
16,272
28,261
15,237
11,250
14,251
25,260
14,224
23,236
17,254
10,260
20,252
19,244
17,225
18,213
18,216
24,221
28,217
23,223
21,260
18,238
22,264
18,247
13,242
17,232
15,227
17,218
21,229
18,236
26,259
22,292
23,274
16,258
10,263
13,254
17,265
14,273
18,281
15,279
20,261
13,247
19,231
16,229
20,219
14,227
20,242
22,243
17,238
20,247
17,232
31,205
19,186
16,180
20,164
32,168
28,184
17,170
20,189
31,186
27,161
29,148
27,92
27,89
24,103
34,111
29,120
27,132
34,149
34,171
29,187
20,197
33,206
20,204
32,238
25,251
23,270
23,255
21,257
17,231
13,235
21,216
17,211
22,218
19,223
19,224
25,219
19,221
24,218
25,195
17,165
22,156
31,179
17,198
26,203
33,240
26,255
24,247
26,223
23,222
20,216
18,193
18,179
21,178
23,167
28,202
24,237
35,248
24,254
25,265
16,270
15,276
13,255
12,263
17,249
26,271
21,277
18,293
19,292
14,279
18,277
12,249
13,230
13,233
16,241
22,254
19,246
14,253
22,254
19,236
20,222
16,210
9,207
17,222
15,230
20,245
17,270
16,262
26,260
13,237
15,218
16,188
12,194
14,217
20,242
22,251
26,269
20,280
20,271
16,247
19,240
19,230
16,240
25,244
19,258
18,235
21,245
22,251
15,258
17,230
26,194
23,180
16,202
28,218
23,216
17,229
20,231
16,261
16,237
20,218
20,203
17,202
20,202
12,213
22,233
19,249
22,278
23,293
12,290
27,293
27,271
19,252
18,252
8,275
16,291
16,289
20,287
21,285
19,294
20,269
18,277
21,282
15,281
9,288
20,302
9,283
17,297
16,280
9,264
19,273
11,278
19,270
12,276
18,305
15,283
23,281
23,265
13,242
18,259
12,254
19,262
14,277
23,292
20,277
20,239
17,238
21,244
26,265
14,286
17,299
11,293
17,295
13,293
9,265
12,267
14,276
12,300
15,314
10,302
10,326
15,313
13,304
14,274
19,286
15,301
14,324
11,300
10,292
17,281
12,260
12,230
14,235
15,242
16,254
15,235
25,247
20,260
16,246
20,215
23,207
19,210
20,211
17,223
23,244
27,258
28,283
20,265
15,256
17,219
15,210
21,218
18,243
15,257
17,279
17,282
20,287
14,258
28,281
16,252
18,241
17,242
14,253
9,257
20,278
26,281
20,286
22,273
13,258
16,255
20,252
13,252
17,261
18,247
14,270
21,247
23,233
18,226
20,234
22,226
19,236
21,258
10,262
21,269
17,277
20,262
18,236
21,221
20,220
16,222
12,236
28,228
15,235
25,265
17,243
15,216
11,200
21,223
19,219
22,222
23,222
18,224
22,228
18,225
26,224
18,209
25,227
17,220
21,236
23,253
16,255
15,247
20,247
21,252
29,268
18,246
19,226
18,242
14,234
15,239
19,242
23,227
17,231
23,203
16,174
24,185
26,193
31,182
13,186
21,200
28,215
23,252
32,269
20,222
21,207
14,191
23,197
13,179
21,199
23,210
26,230
34,248
26,246
26,261
15,247
16,259
18,266
18,248
19,252
13,248
24,275
20,284
20,298
8,289
9,263
21,260
16,237
15,240
19,250
18,255
12,266
22,264
24,259
16,235
22,228
14,224
14,227
20,247
18,259
14,262
20,277
17,269
10,256
13,243
24,245
14,246
20,234
15,239
22,245
18,257
15,276
20,251
16,217
18,216
12,213
15,200
22,218
26,235
32,248
19,265
22,252
17,285
18,266
18,233
10,227
21,238
17,241
21,252
17,250
18,260
25,277
31,252
19,241
16,228
14,215
21,214
18,231
27,230
13,217
21,232
22,244
27,234
21,220
13,186
20,209
22,221
22,223
29,235
20,233
25,245
14,231
24,222
11,178
26,180
16,183
24,192
22,192
24,190
22,206
22,227
26,252
17,240
23,235
10,238
11,233
10,215
24,206
24,201
26,221
23,237
21,225
18,234
16,251
24,245
20,194
17,191
19,184
28,197
18,207
38,248
32,239
14,237
24,251
12,209
16,216
16,200
23,222
18,216
23,231
22,228
25,231
28,241
15,233
18,241
9,236
20,218
21,223
17,214
22,206
22,229
25,238
24,250
29,270
18,244
21,218
23,186
28,196
17,185
25,181
27,201
25,208
25,223
32,239
22,246
23,235
11,188
14,188
19,189
13,192
32,213
20,229
29,227
30,222
24,213
16,209
20,210
17,206
24,199
30,180
21,170
27,175
21,176
35,213
30,238
34,246
14,248
19,202
22,175
19,181
30,169
25,180
18,175
31,190
27,196
30,218
25,243
21,248
21,233
23,252
23,260
21,268
14,268
12,242
20,229
15,227
17,237
13,231
24,246
23,252
21,257
23,280
19,278
15,250
17,241
19,232
30,240
25,253
13,254
14,264
15,276
20,275
17,285
17,276
14,246
8,239
12,231
11,239
16,272
17,257
22,266
25,280
20,282
17,283
15,249
24,240
16,240
19,253
7,254
13,240
19,249
22,266
17,268
19,253
21,233
19,232
20,232
12,240
23,217
24,206
22,208
25,222
20,219
25,195
22,186
22,197
30,210
21,175
23,143
24,156
37,153
17,168
34,149
32,132
31,123
31,117
22,114
28,99
34,100
35,80
39,51
31,38
44,27
32,22
46,17
37,12
37,12
46,24
39,31
42,59
46,94
29,124
36,153
45,171
29,193
34,234
30,232
22,232
25,240
19,216
9,138
22,136
23,117
32,103
30,102
34,100
38,117
21,147
33,203
29,239
22,233
25,244
24,230
22,231
18,234
27,244
17,210
22,222
28,231
23,222
19,213
23,217
21,239
19,250
19,244
22,254
17,280
25,295
18,297
19,269
13,243
12,236
20,210
20,214
24,216
18,231
22,261
20,281
20,222
15,211
13,195
25,209
16,219
27,239
22,229
18,234
20,268
23,276
23,263
17,241
22,241
22,223
18,202
15,216
20,234
22,246
29,261
27,278
26,280
16,231
11,208
16,195
22,205
12,219
15,229
22,241
26,266
16,276
17,266
18,253
17,245
13,220
18,215
17,225
19,240
23,254
19,279
21,289
16,270
16,249
16,227
7,207
16,220
17,219
23,237
14,247
22,245
25,242
17,184
21,157
24,155
29,153
26,149
31,157
28,171
30,192
22,199
33,210
19,183
20,167
19,154
28,143
26,141
24,154
33,176
20,173
27,183
33,186
21,203
27,212
28,222
31,209
24,175
29,169
27,133
26,152
24,155
23,136
25,123
29,116
24,115
24,96
25,76
37,53
31,45
31,37
38,25
44,20
36,10
36,2
65,18
40,38
42,62
45,120
34,162
21,198
31,263
27,286
23,247
24,194
17,128
24,112
26,127
37,130
24,150
26,155
23,179
28,201
29,234
24,262
15,236
16,220
21,139
22,114
25,115
24,111
32,103
27,100
29,70
33,58
28,60
39,67
42,65
39,58
41,68
46,100
47,134
47,174
38,215
35,257
33,266
24,237
19,197
24,175
22,160
31,157
17,125
27,143
41,168
34,193
24,204
25,231
23,242
23,258
22,277
20,275
17,290
15,299
15,278
15,265
13,262
15,275
12,278
17,308
15,311
15,290
13,289
18,275
8,252
9,250
17,271
17,284
17,265
19,251
15,266
20,290
14,254
18,244
16,260
15,268
19,286
18,298
12,245
14,253
26,280
10,243
22,249
26,247
10,241
18,255
27,241
11,221
25,242
16,228
18,238
18,228
22,227
11,226
13,231
27,234
25,243
15,245
12,263
19,290
13,274
24,253
16,240
22,235
14,228
21,256
21,287
21,292
16,276
14,243
16,245
10,256
16,246
19,260
14,269
21,284
15,283
21,307
14,285
18,269
13,242
15,230
17,232
17,245
18,256
18,243
18,242
17,235
20,232
21,236
23,239
24,257
21,271
17,272
12,275
17,277
9,260
12,227
17,224
15,232
22,244
13,253
25,278
18,272
21,298
16,293
23,275
9,273
13,278
15,262
12,272
19,308
11,308
16,318
16,293
11,270
12,262
19,259
20,271
15,276
20,298
23,313
11,296
14,272
12,253
17,252
18,256
15,249
22,275
17,305
17,295
22,269
14,248
17,228
8,220
14,228
19,250
16,258
25,254
19,260
17,271
10,263
18,252
17,240
15,230
21,234
18,245
21,258
22,219
13,214
21,217
24,229
13,229
11,203
26,223
25,230
21,229
16,221
24,199
19,196
31,220
31,226
31,238
20,216
21,206
11,212
16,234
21,272
14,250
23,276
20,269
14,252
21,239
21,232
10,215
16,227
30,267
10,276
20,275
15,270
27,278
18,253
7,226
11,226
20,242
22,240
16,240
24,248
18,270
15,291
21,257
14,220
13,219
16,222
17,222
21,232
22,273
18,247
18,232
23,233
24,235
15,233
26,233
14,223
23,250
19,262
23,283
24,258
9,239
12,228
16,239
24,227
18,220
27,221
28,243
13,266
19,290
19,254
15,254
22,241
18,235
16,222
32,243
19,248
20,257
18,293
17,275
18,252
18,256
16,265
18,268
8,236
14,244
26,259
28,251
18,252
15,218
16,217
20,238
17,237
28,222
26,243
16,253
32,278
19,240
13,254
19,258
15,256
16,248
21,252
22,262
19,273
20,285
13,272
20,255
22,257
11,251
15,253
23,252
5,243
21,265
17,261
18,248
25,256
19,243
19,239
27,255
20,260
19,251
13,252
16,241
19,245
18,242
18,237
14,223
17,223
19,220
31,226
25,217
16,203
16,221
24,209
23,205
19,201
20,218
17,228
27,199
26,199
19,192
23,214
18,238
18,268
29,318
20,333
11,291
11,258
17,244
21,263
12,252
16,285
17,317
24,331
13,305
15,271
10,249
23,269
17,261
12,268
13,298
16,316
17,304
11,260
18,256
14,238
14,233
12,227
15,263
20,277
25,307
18,302
19,258
21,217
15,213
19,215
18,229
18,230
16,245
24,277
14,271
16,265
15,254
13,233
22,210
17,222
25,229
15,224
20,246
18,219
17,236
22,222
22,224
25,230
24,216
18,207
21,219
21,224
25,247
26,251
24,268
16,284
25,260
14,229
22,236
18,229
16,242
21,273
23,291
17,291
17,318
17,290
13,267
19,248
20,259
18,253
14,258
18,255
17,270
8,280
24,301
19,245
9,228
8,225
22,237
24,248
19,234
19,258
20,290
14,290
18,224
17,224
13,213
18,244
22,251
20,266
30,293
16,267
16,301
13,258
15,245
14,261
11,264
21,286
13,289
16,276
20,268
13,231
16,210
12,201
19,222
20,225
18,229
22,266
11,274
19,287
22,256
22,237
22,221
12,220
16,229
11,244
11,255
18,271
28,297
16,285
13,254
13,241
14,212
16,206
17,217
23,211
29,222
13,218
24,217
27,198
22,191
30,195
26,178
20,179
17,181
28,193
18,194
28,224
30,250
19,246
29,251
20,252
22,235
20,231
22,226
23,226
26,235
17,243
24,266
19,255
24,252
15,254
14,237
17,238
21,248
18,267
18,275
18,292
14,288
16,304
12,306
16,243
14,246
14,245
16,258
22,272
15,279
12,284
20,289
17,240
23,235
20,236
16,214
13,229
21,245
25,262
22,279
21,272
13,216
19,213
16,212
20,204
15,196
30,219
25,241
25,240
19,246
16,243
17,208
19,201
29,209
27,199
24,209
20,210
32,228
19,231
22,269
16,285
19,254
25,234
16,222
16,220
17,219
21,230
16,237
16,258
17,275
27,271
24,287
16,294
13,276
12,246
16,247
20,268
15,274
15,254
18,250
20,265
13,242
14,215
19,219
22,222
22,235
18,248
17,269
27,285
16,238
16,194
14,195
19,208
15,200
19,204
26,217
21,244
16,244
33,272
19,281
16,237
14,240
15,221
22,236
14,249
20,260
18,257
20,269
17,286
12,282
15,240
20,257
16,258
16,254
20,266
10,258
17,270
23,297
16,275
10,213
15,224
20,231
21,245
23,245
12,229
26,243
24,274
21,260
18,221
23,232
22,252
14,266
13,249
18,258
15,246
27,271
19,268
14,253
16,206
18,220
21,207
24,215
21,217
14,219
19,229
27,249
20,244
16,232
25,229
18,224
22,201
27,220
11,205
20,215
19,233
26,220
21,208
24,194
29,178
24,189
28,196
25,201
23,198
17,210
21,219
20,212
29,221
19,241
14,235
21,222
15,216
20,246
21,230
23,229
21,216
21,227
24,231
16,226
15,232
22,229
22,198
21,181
17,198
21,186
36,183
22,184
32,188
23,185
24,171
21,168
22,153
30,151
17,157
29,151
39,172
35,196
30,236
29,249
21,244
23,249
18,252
15,243
18,244
18,223
21,220
28,233
26,248
14,265
23,284
19,280
12,271
20,241
13,211
17,214
16,218
15,231
23,251
13,249
19,246
27,228
11,226
20,229
20,238
14,255
26,269
27,273
18,254
13,244
19,243
22,252
16,243
18,246
27,263
20,277
18,299
17,295
15,295
16,255
12,243
18,250
15,238
25,270
21,288
17,304
22,301
12,243
16,240
20,239
19,233
15,240
20,269
20,297
18,296
27,272
10,221
11,224
16,224
22,240
22,256
22,283
23,286
20,286
15,299
19,272
15,255
7,253
11,256
16,258
16,273
19,294
19,301
17,284
17,272
15,252
13,252
18,253
13,260
15,283
13,306
16,307
16,278
14,266
15,268
15,253
21,263
17,278
16,289
12,304
14,325
10,281
14,267
16,258
16,277
17,265
19,291
13,302
16,319
14,284
9,233
13,246
11,244
17,241
13,254
15,268
15,295
9,271
20,261
16,237
17,228
19,233
22,235
15,245
19,259
18,279
19,257
23,252
15,225
17,200
21,199
19,228
19,237
21,244
18,261
19,281
19,281
21,261
19,247
14,242
16,239
24,241
19,248
17,274
21,313
19,299
13,292
19,262
14,252
12,256
12,258
15,262
13,265
19,290
13,270
16,255
17,264
12,251
19,265
16,262
20,262
22,269
13,281
14,276
14,241
24,240
16,230
15,223
14,234
21,237
14,249
18,261
15,253
19,256
12,235
19,241
13,227
11,233
18,235
26,249
19,259
19,259
21,255
16,271
21,267
13,253
15,259
18,247
13,251
23,271
18,289
23,258
22,243
17,239
29,239
15,222
14,216
16,239
24,266
13,273
17,268
24,259
10,269
11,257
30,256
15,232
14,252
14,261
17,277
19,299
17,310
16,298
14,260
17,248
16,239
13,243
15,258
16,274
16,265
20,283
19,258
17,243
28,230
17,226
12,236
22,250
22,265
15,278
11,266
17,255
14,256
16,224
22,230
12,229
20,245
17,267
15,286
27,292
21,264
14,239
11,232
10,226
21,251
21,256
20,267
22,296
11,321
17,302
15,277
17,254
16,263
13,262
15,257
11,284
23,315
17,313
15,282
15,261
18,251
14,234
21,231
15,254
26,276
10,269
13,269
19,260
12,245
17,238
14,231
20,223
22,241
18,243
14,232
22,261
21,248
14,220
14,225
10,235
20,241
18,240
25,267
19,262
32,288
15,280
16,283
23,286
7,250
10,244
28,259
12,251
20,255
19,251
21,276
20,272
16,254
18,246
11,238
23,234
26,235
21,237
13,238
22,241
19,257
16,245
19,241
16,229
10,224
16,226
17,228
24,235
13,228
27,234
19,248
17,264
15,224
19,219
14,212
15,222
20,230
22,232
23,239
20,250
14,247
22,250
20,239
28,253
16,240
21,251
20,271
22,297
21,297
21,273
21,288
18,278
16,249
21,249
14,258
17,265
25,260
17,269
19,294
17,287
17,279
15,269
18,262
17,243
15,232
13,231
14,232
16,236
23,227
16,226
20,228
19,244
26,252
20,251
22,203
27,193
16,193
16,189
14,192
31,200
23,212
23,233
12,231
21,256
21,272
12,246
18,248
24,231
20,259
19,253
18,248
15,266
26,268
9,262
25,281
21,297
9,278
14,251
12,229
23,238
17,249
14,254
22,243
16,230
19,242
19,219
24,194
17,179
24,177
25,172
29,191
16,206
25,221
18,214
32,188
24,175
26,188
27,193
31,196
26,199
26,214
13,230
13,243
21,268
16,252
19,265
10,254
15,233
14,257
18,289
20,296
23,291
16,271
27,270
19,258
14,259
18,240
17,245
17,255
17,274
17,270
24,278
15,267
21,261
13,259
14,247
15,258
17,275
20,297
16,296
8,283
14,273
15,282
17,283
11,261
17,278
12,285
13,289
14,291
22,293
20,290
22,295
13,254
13,262
11,274
13,282
17,279
22,295
19,275
18,274
17,237
20,237
18,241
13,224
20,246
23,252
20,260
17,248
16,238
16,217
23,233
18,234
12,248
23,280
31,300
20,270
25,271
15,259
18,268
15,272
23,274
12,271
17,303
16,291
23,311
16,277
21,285
14,249
11,256
14,266
21,282
14,277
13,286
12,308
22,315
9,291
17,266
12,257
13,256
12,245
15,244
23,267
15,284
20,295
16,270
17,244
7,224
11,240
15,233
16,238
10,260
16,284
22,297
17,244
20,222
20,224
12,228
16,247
26,246
19,243
12,256
17,286
19,279
21,252
19,230
14,206
21,232
23,216
19,240
20,255
22,282
19,283
21,282
13,246
19,239
13,209
18,200
18,217
18,228
23,235
20,258
18,279
11,254
16,242
18,187
23,168
19,183
27,202
21,211
24,229
28,257
12,265
19,243
17,221
29,205
16,199
21,213
20,211
23,239
21,263
10,265
15,282
22,314
15,297
18,255
15,233
22,241
13,239
23,276
21,298
19,310
17,313
8,297
13,267
7,237
19,249
13,245
15,271
16,298
16,317
14,305
12,271
18,253
10,244
21,251
18,262
12,288
16,303
13,299
11,257
17,246
22,254
22,265
13,257
16,258
23,286
12,289
16,254
15,234
19,222
18,224
18,222
23,201
22,221
22,235
24,257
14,281
16,269
24,237
16,205
20,164
16,152
28,164
21,183
29,210
24,215
38,229
27,219
32,220
19,208
18,199
30,193
19,200
28,214
21,244
22,244
30,279
25,270
20,252
12,214
17,206
14,202
13,214
36,208
13,214
24,232
15,240
24,244
21,217
22,212
18,209
24,205
15,214
25,221
18,219
20,243
16,260
19,279
17,283
16,278
9,236
20,224
21,195
17,198
27,214
14,213
25,229
16,253
25,254
22,223
25,205
15,188
14,186
23,195
25,213
26,238
18,229
25,254
18,262
20,266
18,219
23,213
22,192
20,186
21,193
28,216
26,232
25,240
15,262
20,269
25,245
12,230
22,242
26,256
16,243
17,274
21,301
13,285
13,293
13,285
14,293
12,281
14,251
11,269
13,265
13,269
17,279
27,279
18,265
11,245
20,262
24,243
17,240
24,240
19,251
10,263
13,257
14,253
15,231
25,239
16,218
21,227
21,235
13,249
21,265
18,274
19,271
19,258
19,240
14,225
15,218
19,235
20,251
25,263
27,292
17,265
13,251
21,249
22,239
16,240
20,238
21,259
22,263
21,271
16,262
17,265
10,239
15,248
13,245
27,256
16,248
11,238
19,243
11,236
19,257
22,277
16,238
20,238
23,260
17,247
18,244
15,234
17,237
19,236
16,216
20,225
19,241
18,249
17,255
14,264
18,253
15,238
15,258
20,238
23,259
21,269
20,272
23,282
12,279
16,266
14,254
15,258
17,278
9,277
15,268
19,293
18,298
12,308
21,272
18,273
13,278
15,245
17,236
19,252
16,277
20,271
16,267
13,273
19,257
20,234
19,206
23,208
19,211
25,225
19,239
21,268
20,288
16,309
17,277
13,258
12,254
15,250
18,259
19,262
13,272
18,297
22,288
19,287
12,271
20,235
15,230
20,228
12,227
22,246
18,237
15,241
21,222
15,221
21,204
16,194
25,196
15,181
19,183
21,179
28,162
26,175
22,171
30,162
23,144
30,152
36,175
26,187
21,177
18,179
24,173
20,169
25,180
28,184
23,189
22,205
14,215
28,228
22,208
18,176
27,187
21,198
17,205
21,214
22,217
28,233
29,219
20,227
15,222
24,235
20,236
19,247
22,244
29,238
16,243
18,255
26,295
17,268
22,261
15,246
24,222
19,202
14,201
24,204
18,212
22,225
18,241
26,253
21,234
14,235
10,223
21,231
15,214
24,226
17,235
28,266
19,274
15,284
20,293
20,264
14,232
18,222
20,227
20,223
14,231
20,258
19,272
16,299
20,308
13,280
14,241
19,265
13,260
21,272
15,278
19,300
20,310
9,301
13,258
17,242
14,252
23,282
16,284
17,277
11,299
11,328
10,301
13,267
18,279
11,268
11,264
16,281
12,298
8,307
11,306
18,291
16,267
14,256
11,271
19,266
9,264
16,296
18,315
14,286
19,271
23,276
9,253
22,270
11,251
16,277
11,291
16,290
17,261
11,245
15,247
9,259
10,275
12,269
21,292
11,284
11,255
13,238
20,227
8,232
17,258
20,274
27,305
15,299
15,303
21,273
16,241
15,232
13,231
24,265
11,235
13,244
19,270
13,274
26,262
18,209
17,200
15,195
15,199
24,205
23,226
28,271
19,288
18,286
17,275
23,234
15,205
15,212
14,246
16,253
16,259
18,288
23,295
14,301
15,300
13,285
17,267
9,273
15,267
22,283
12,286
13,301
11,279
10,250
6,234
20,257
16,252
10,235
15,258
15,272
21,274
21,251
22,208
23,200
28,240
13,239
18,245
23,256
22,284
21,308
10,287
18,242
6,222
16,226
12,238
24,272
17,267
19,273
19,286
16,278
19,270
7,226
16,235
14,228
9,209
28,216
17,220
24,235
23,231
27,226
17,217
18,202
23,177
26,156
26,197
17,195
18,183
24,198
24,248
25,267
23,253
20,226
29,191
22,190
22,222
28,244
12,231
23,263
24,266
16,266
17,291
13,283
13,288
20,259
18,220
15,219
19,249
16,259
18,263
21,267
25,284
21,249
16,207
14,207
21,210
18,209
9,212
18,228
19,246
24,258
23,264
20,222
14,194
26,205
25,202
16,199
15,218
15,234
28,250
20,255
22,261
25,216
15,151
20,160
20,146
27,143
21,145
36,175
19,186
28,219
29,228
22,199
27,177
12,155
25,125
31,129
26,143
36,163
28,159
31,172
30,190
34,207
22,238
20,229
31,204
24,189
19,165
35,175
17,192
22,229
24,243
29,266
22,264
30,231
24,234
24,200
12,186
17,176
23,160
30,144
25,137
27,121
25,113
27,116
35,119
28,118
27,150
28,169
39,170
28,165
33,179
23,227
33,255
18,249
18,263
22,265
14,241
22,147
9,79
19,36
34,18
37,4
33,0
39,0
39,0
60,4
38,1
39,2
44,2
48,4
51,0
46,0
50,1
51,4
51,10
37,26
47,43
56,68
41,105
39,147
27,166
44,186
30,200
32,260
42,239
21,221
14,223
23,240
20,223
20,188
22,167
19,152
31,151
25,167
20,207
26,245
28,241
22,255
19,295
19,259
18,207
15,198
15,207
15,193
27,213
26,229
19,236
29,274
16,269
22,292
14,265
20,245
19,220
10,176
26,193
24,222
15,219
17,239
25,228
18,218
20,193
26,185
16,185
33,189
24,192
34,205
23,222
20,232
22,229
21,234
18,218
17,228
32,233
19,241
13,240
19,267
16,279
21,248
19,247
20,258
18,259
14,240
13,250
17,271
19,278
13,258
17,261
9,249
13,252
21,244
22,258
18,248
19,234
20,224
27,250
18,263
25,269
27,280
16,270
12,253
11,247
14,253
13,254
29,263
26,275
19,272
20,266
15,268
11,257
16,257
14,256
18,240
14,243
20,258
17,248
18,264
21,258
21,251
27,262
17,256
13,257
16,291
21,284
36,306
18,300
9,276
15,278
16,281
11,275
14,291
21,287
12,277
15,297
7,268
13,287
19,279
13,275
12,262
7,240
13,266
13,259
22,266
8,246
11,261
19,269
14,268
27,261
16,255
14,251
19,246
24,258
17,253
15,275
16,277
24,275
22,267
16,253
16,230
6,230
18,224
8,230
17,254
17,268
29,310
22,272
13,257
12,241
13,248
12,237
19,239
18,244
29,252
27,254
19,244
24,243
22,235
22,224
18,224
17,228
17,252
11,249
23,261
26,243
22,245
24,249
19,253
16,233
19,235
24,253
22,255
18,244
18,249
18,245
17,232
22,242
14,263
22,240
18,248
19,260
15,248
13,263
16,265
20,265
16,254
14,236
20,238
9,225
26,258
15,267
22,289
23,275
16,278
21,275
19,264
14,258
18,259
20,261
20,261
22,274
20,289
28,267
11,262
18,267
10,263
21,256
15,264
16,295
13,263
18,269
14,255
18,252
14,254
14,258
15,261
14,221
21,201
21,197
19,202
15,213
28,241
14,229
19,231
26,238
14,235
17,218
23,239
16,260
23,272
15,291
15,319
11,290
18,296
11,273
8,251
12,243
14,260
21,260
22,273
19,290
14,269
11,246
13,263
12,281
12,269
11,257
16,265
16,256
17,273
20,272
17,241
14,249
11,247
17,250
14,244
18,251
20,255
25,268
11,267
14,243
16,237
12,242
13,236
16,213
32,221
21,222
22,236
23,263
20,270
25,258
22,273
17,270
15,275
18,262
22,234
14,243
16,272
21,255
20,241
20,235
17,253
20,252
18,247
20,245
23,256
18,272
17,259
16,252
15,217
15,233
20,247
17,243
13,236
23,224
14,224
22,244
18,262
25,240
16,228
21,230
23,225
17,221
17,232
11,267
19,268
18,265
23,251
18,243
17,222
26,234
10,229
24,236
21,248
17,255
20,269
18,263
21,258
19,261
15,250
20,263
12,235
18,239
21,263
14,285
15,270
12,270
17,261
17,244
14,226
20,207
20,186
26,194
26,229
22,259
32,280
24,261
17,261
21,260
12,221
20,170
18,151
24,144
28,151
25,152
21,176
24,183
29,206
26,198
30,200
27,227
17,213
31,225
23,242
20,231
22,241
17,259
26,251
23,255
13,229
15,223
14,215
15,224
26,221
23,224
26,226
24,246
21,252
11,235
22,195
16,196
16,198
23,229
13,217
21,227
21,247
21,283
19,317
17,315
18,248
17,237
16,245
16,256
14,261
21,280
18,305
12,328
15,324
14,271
8,265
8,245
11,241
15,246
15,270
17,288
15,293
18,244
20,227
21,220
11,212
17,219
22,223
26,242
24,252
20,227
17,198
24,207
20,215
20,210
34,226
14,227
18,242
29,255
14,264
26,297
16,308
11,272
12,252
15,265
17,272
18,292
21,303
20,320
12,333
15,315
15,280
14,267
10,271
10,251
13,263
19,287
19,282
13,244
16,221
19,228
12,229
10,232
18,243
15,224
20,217
21,198
19,197
18,196
11,208
18,242
24,251
20,254
16,253
18,260
23,260
15,253
14,257
17,273
22,284
18,274
12,277
17,289
12,279
13,288
21,306
14,280
8,285
12,286
12,278
21,278
7,264
17,269
15,264
18,241
14,246
24,279
17,271
19,268
24,311
25,303
11,301
7,305
9,295
13,299
8,299
14,297
11,307
11,312
17,323
9,269
17,281
19,295
11,272
8,270
15,284
10,282
11,270
25,266
14,231
17,224
26,213
27,221
14,211
20,237
27,269
16,275
11,220
28,183
22,155
15,114
30,120
37,148
36,155
23,177
25,211
30,250
32,281
21,320
13,325
27,314
13,276
13,265
5,262
14,276
16,299
15,323
18,338
12,292
12,279
10,286
12,264
15,280
14,285
16,319
10,296
20,289
16,264
8,263
16,266
7,263
19,278
21,306
17,300
11,294
14,293
14,279
18,268
14,257
17,282
10,291
24,321
15,313
13,272
10,261
13,254
10,226
14,228
12,245
16,278
15,302
29,275
18,237
12,221
17,229
15,249
18,241
23,263
18,290
18,310
19,303
15,277
19,264
13,252
13,221
27,228
23,236
21,254
22,271
22,252
16,207
14,209
17,206
15,177
17,178
26,193
15,216
16,240
20,258
29,281
16,274
16,249
19,231
18,215
15,193
18,213
17,233
17,264
23,291
25,299
21,316
13,258
14,215
6,218
17,222
23,235
19,271
19,273
13,289
14,313
16,266
6,231
10,235
18,247
15,255
19,270
26,304
11,326
12,313
7,304
5,264
11,278
13,271
22,282
20,309
17,315
16,284
15,259
20,224
14,207
19,218
22,225
25,252
19,259
24,277
19,285
15,288
11,262
15,247
15,223
20,202
13,209
15,228
23,225
20,237
21,260
21,262
23,218
23,212
20,217
26,242
23,252
23,270
16,278
15,289
16,250
19,245
23,212
9,173
15,185
22,210
37,242
23,248
25,249
16,257
22,261
19,260
19,217
14,207
17,204
21,219
25,249
19,240
26,268
13,278
21,322
17,318
10,264
14,263
21,275
19,283
24,274
12,291
21,313
11,296
13,262
11,255
15,262
12,264
13,255
18,287
15,311
23,315
8,298
11,303
9,293
15,291
12,290
12,284
15,299
12,282
15,277
12,251
13,243
16,234
17,230
18,224
18,223
21,243
19,255
27,243
19,204
23,206
16,167
28,185
18,195
24,201
32,212
21,225
20,263
30,277
14,217
19,180
19,140
18,151
28,176
24,198
27,220
26,239
28,247
21,234
23,251
20,265
22,258
18,238
13,226
18,248
15,223
20,220
24,253
20,233
24,250
19,245
13,248
22,228
12,232
25,246
25,273
17,250
15,269
17,284
11,296
14,268
13,246
11,219
21,227
8,215
25,230
17,240
20,264
19,280
15,252
15,233
27,214
19,190
25,222
17,221
19,230
16,226
29,273
11,286
25,259
19,214
18,209
14,197
15,214
25,247
18,225
24,235
27,261
20,252
17,204
20,189
21,168
19,179
21,157
27,170
23,167
26,204
26,225
15,235
23,264
20,285
12,258
18,244
23,252
20,219
12,182
13,217
23,243
28,258
29,275
21,281
18,285
27,257
19,204
24,199
23,205
18,203
19,218
16,243
26,261
26,263
20,228
20,218
14,205
23,215
18,223
24,227
24,244
23,247
12,278
14,299
22,311
16,285
13,260
18,273
14,253
17,251
18,253
15,285
19,287
22,290
24,259
13,228
17,245
17,228
11,235
17,249
27,276
17,262
15,250
21,217
25,200
33,214
16,206
24,215
19,238
20,242
15,286
26,313
19,296
22,262
12,237
16,226
15,212
27,234
15,229
17,244
26,238
26,230
15,197
16,182
26,185
19,187
21,185
23,192
20,193
25,229
22,252
20,223
25,233
17,214
33,206
22,186
28,190
18,194
34,200
26,222
24,229
23,226
28,257
24,275
19,280
19,287
8,274
14,267
14,272
17,271
17,272
14,264
21,280
16,302
14,269
15,258
15,255
16,237
26,245
20,242
10,260
22,284
18,293
19,290
19,274
16,268
12,243
15,227
12,252
17,286
20,283
17,297
11,295
19,288
15,263
17,233
18,236
15,245
30,288
16,267
16,261
20,269
27,254
18,236
12,229
20,218
19,229
18,253
21,260
26,283
19,246
20,236
24,217
15,206
15,210
26,231
21,257
20,264
19,260
24,249
19,234
22,215
18,219
22,232
30,220
14,218
19,238
30,270
12,239
19,254
16,236
22,244
21,249
21,250
20,265
17,268
14,268
15,246
13,255
14,257
24,222
20,213
17,224
29,233
26,232
19,262
21,261
13,243
20,227
21,208
15,199
19,208
21,198
21,213
23,226
25,249
18,258
32,240
23,234
24,201
19,199
21,214
19,199
18,224
32,262
16,259
23,248
15,255
20,253
25,260
20,265
21,227
22,243
16,234
16,230
20,242
23,248
22,242
24,228
24,203
20,178
20,184
19,207
23,192
31,223
27,214
22,211
25,218
21,226
25,249
29,242
24,220
23,225
22,248
24,270
18,219
17,213
19,232
17,245
21,268
17,278
23,274
27,294
23,288
11,263
17,252
12,252
18,277
7,276
19,274
17,275
14,270
10,286
21,262
9,232
19,232
23,243
27,247
24,241
17,223
23,226
21,229
21,227
21,213
22,221
11,228
24,230
16,186
21,167
18,174
33,194
20,187
22,220
23,240
29,272
24,267
26,268
13,252
21,233
19,234
10,232
19,259
12,272
14,294
17,318
13,279
17,260
20,261
16,240
19,233
15,239
18,258
15,253
24,261
16,264
20,257
28,248
14,200
20,209
15,221
18,245
20,247
30,256
20,272
27,258
16,251
13,262
18,242
24,243
14,235
18,227
11,228
21,258
20,283
13,261
19,265
20,269
17,259
16,239
16,259
16,245
12,244
23,267
23,279
16,265
16,226
17,214
21,204
17,180
16,171
26,187
24,207
21,215
18,235
18,238
30,225
18,201
16,201
20,206
26,223
37,241
14,234
19,249
21,276
17,287
17,279
17,257
17,236
16,233
21,215
21,213
16,227
15,246
15,261
18,267
16,250
19,246
20,214
17,190
22,193
14,213
16,218
19,250
22,268
32,298
17,282
21,259
18,233
15,200
18,191
22,214
23,244
25,261
17,290
19,304
22,276
18,243
21,219
18,204
16,222
25,251
28,273
13,293
13,311
23,339
15,273
8,239
15,250
15,238
24,272
15,278
18,287
15,310
13,270
19,247
12,204
12,199
15,216
23,232
18,251
16,254
17,264
20,232
9,196
17,159
17,154
26,192
23,199
34,227
33,235
15,228
22,249
22,226
20,189
21,176
7,177
21,210
19,217
35,229
23,242
26,270
12,280
20,285
13,265
16,230
17,205
17,197
17,204
25,226
19,232
22,244
24,263
17,286
22,270
21,243
20,230
13,241
23,240
14,248
19,266
23,286
21,271
18,254
21,265
14,250
8,228
20,243
21,242
18,248
25,277
16,264
20,260
20,279
18,264
13,222
16,225
18,234
17,248
19,264
17,243
21,245
16,222
20,213
19,211
17,218
19,216
27,227
19,242
21,253
13,237
17,249
24,236
15,228
14,219
22,247
17,239
20,238
36,262
22,274
12,244
21,245
21,222
13,185
13,150
16,117
29,119
19,105
34,110
29,106
33,104
35,74
34,34
41,20
34,9
46,6
43,22
42,41
45,59
49,81
43,99
41,111
39,120
34,140
30,168
28,175
34,191
30,182
30,211
34,241
23,207
18,116
25,79
33,54
30,53
28,53
29,65
41,95
35,128
37,157
33,190
26,228
31,251
26,275
23,262
19,205
18,153
12,106
23,72
31,45
34,39
40,48
41,91
48,131
34,173
42,241
30,285
33,278
24,211
22,197
11,179
16,181
30,201
24,183
23,153
20,158
22,162
30,167
28,181
35,212
22,245
35,243
19,206
18,227
14,234
16,243
18,275
15,280
17,271
20,265
8,229
25,236
17,217
19,221
15,217
27,235
28,257
14,254
27,268
20,261
23,247
19,235
17,242
18,243
13,225
18,227
21,236
23,205
22,193
21,198
25,211
13,228
14,223
16,257
19,257
27,263
21,257
22,253
12,266
19,257
12,220
14,204
21,222
18,205
12,207
21,220
21,213
25,201
24,194
21,174
23,167
21,178
17,181
19,196
28,206
24,206
19,209
23,215
16,186
23,212
22,203
20,202
24,208
27,212
20,202
26,219
22,233
28,242
18,254
28,286
20,303
16,249
15,237
16,243
16,238
17,262
22,247
23,257
19,277
16,276
16,235
20,223
16,201
10,184
15,201
16,184
28,177
21,185
27,202
16,179
22,149
23,151
20,153
36,170
31,189
29,205
35,221
25,238
26,261
13,294
22,324
18,318
16,266
9,262
18,272
20,261
9,269
14,304
11,290
17,277
15,282
13,262
16,244
11,230
20,245
18,234
22,259
12,249
18,250
22,198
22,188
16,197
23,190
28,199
23,200
17,213
23,243
23,260
17,267
14,263
22,224
22,215
11,213
16,208
25,222
21,234
27,256
18,259
19,260
16,245
26,226
19,206
28,196
19,195
25,202
18,211
29,232
25,246
23,244
22,239
18,200
24,202
20,195
24,203
14,191
25,215
26,240
18,285
26,289
18,276
23,281
22,254
12,236
14,226
27,251
16,247
14,276
18,269
24,260
20,266
19,265
23,240
19,256
17,250
23,264
16,274
13,284
14,263
14,238
16,226
20,236
14,225
25,234
14,232
19,253
22,274
8,276
14,250
15,221
21,238
19,221
18,224
11,239
22,229
27,270
25,294
16,280
19,295
21,295
19,265
17,261
16,255
10,263
12,272
22,260
17,264
20,263
15,240
18,230
19,242
17,249
14,261
18,273
19,300
18,309
18,265
12,241
17,260
14,272
14,278
11,277
18,289
7,294
14,304
15,268
12,263
15,273
17,277
15,265
15,276
18,297
17,289
13,278
18,244
11,254
8,281
12,286
13,280
17,289
16,303
11,299
11,278
11,270
15,268
19,280
13,284
16,280
10,270
15,281
10,252
26,269
23,275
25,296
19,304
16,283
19,288
12,293
13,253
12,241
13,253
14,251
12,267
14,273
13,263
16,297
14,286
20,225
18,213
21,219
17,233
15,256
23,256
22,259
12,265
18,246
26,240
20,226
20,223
13,228
19,220
25,216
13,238
21,250
19,250
14,255
14,251
24,213
20,204
24,229
22,249
14,247
18,263
26,304
16,293
15,252
12,214
12,216
17,250
12,261
15,260
21,293
20,297
19,271
14,237
23,246
18,218
22,226
14,224
16,237
19,262
27,299
19,265
14,254
13,232
16,199
20,201
26,205
21,236
19,285
19,274
20,269
19,253
22,261
16,239
27,225
7,243
23,285
20,292
9,295
12,266
18,259
17,240
21,257
13,243
16,254
22,290
20,279
15,271
12,273
20,269
3,239
15,216
16,217
18,223
18,247
22,272
24,264
16,269
20,262
17,268
13,270
17,243
15,257
12,282
17,285
14,277
22,276
19,306
9,288
15,275
18,266
13,266
17,279
10,264
17,252
14,247
11,234
19,210
17,203
17,198
15,193
20,211
29,244
30,288
21,267
21,232
13,212
13,213
27,235
28,213
25,231
26,260
25,260
20,242
14,215
23,219
18,223
13,253
20,300
18,299
15,269
29,279
16,268
11,250
19,262
15,273
21,300
17,290
18,291
8,272
12,244
15,231
12,227
11,235
16,253
17,246
17,265
14,284
21,310
20,322
18,282
15,251
8,249
9,250
12,255
15,276
19,290
24,303
9,276
21,298
4,273
14,276
17,291
12,302
15,296
18,291
13,283
12,258
9,258
11,262
18,253
26,258
12,203
19,191
17,205
23,236
26,228
15,231
21,242
17,242
19,225
18,248
24,252
22,216
25,219
14,219
27,230
17,231
18,255
21,290
21,288
9,257
22,265
15,235
10,221
17,246
21,238
15,256
21,266
18,251
21,247
15,241
21,243
13,227
22,237
16,232
25,226
22,232
21,227
21,218
20,237
23,256
23,268
21,263
18,246
14,262
19,261
13,237
15,259
23,271
15,241
19,251
19,267
27,284
14,229
21,233
16,235
12,262
21,270
24,248
13,239
10,257
21,258
16,242
22,260
20,252
17,253
20,243
16,227
20,207
19,205
26,209
18,221
26,253
23,277
11,235
14,238
23,261
19,233
18,197
24,185
23,185
26,208
19,241
17,252
30,247
28,246
10,229
20,223
18,219
18,221
24,214
18,236
28,264
16,267
19,251
31,249
13,231
15,221
15,228
21,251
17,277
22,312
22,303
15,265
19,252
16,247
18,241
13,249
19,272
17,282
15,298
19,316
18,282
9,250
15,213
18,201
18,210
17,228
22,255
21,216
18,222
24,239
28,230
21,213
20,214
23,240
25,254
16,244
18,230
24,245
15,263
17,266
19,246
21,249
16,267
16,279
17,281
20,251
12,246
17,264
18,268
16,254
11,259
18,280
11,274
20,299
21,300
14,282
15,275
14,269
16,278
9,275
7,294
7,298
18,332
13,293
14,289
10,265
10,266
10,274
11,289
17,309
21,292
13,241
16,235
9,254
13,265
24,258
14,261
17,278
13,258
14,243
19,250
21,264
23,273
20,262
11,236
25,247
18,238
14,220
13,205
16,201
30,202
26,195
22,221
22,241
20,276
19,250
28,255
13,233
23,229
13,205
24,211
26,229
21,246
28,278
24,292
17,298
21,269
10,223
10,209
18,211
16,220
22,241
14,254
17,269
16,293
18,265
13,230
14,209
29,220
17,211
19,242
25,267
15,289
19,292
17,312
12,255
16,220
8,200
26,204
20,212
22,236
26,273
28,314
21,306
15,263
15,206
15,191
19,173
25,176
22,182
31,196
26,224
26,252
22,269
21,283
20,260
12,227
11,192
21,186
19,208
17,255
25,261
18,291
24,323
18,318
21,256
15,196
19,197
19,226
18,249
17,285
11,312
20,330
16,313
14,244
11,173
19,161
13,168
15,179
25,190
36,228
20,236
21,276
26,232
22,195
14,178
20,197
17,200
11,205
25,211
22,205
20,210
21,220
15,220
23,222
22,205
17,196
26,212
20,213
23,219
22,239
23,277
20,312
19,332
15,306
14,264
13,238
13,239
14,256
17,292
16,322
19,346
20,319
15,284
9,255
9,244
14,248
13,274
22,300
18,300
8,301
16,270
22,254
14,216
18,207
18,225
18,225
18,229
17,243
30,259
19,235
22,219
12,196
22,184
19,172
26,190
16,189
31,196
26,210
23,233
18,249
23,276
18,263
21,250
21,228
22,236
14,226
20,231
18,260
20,283
22,313
10,316
27,273
16,235
14,221
15,187
20,196
26,205
22,243
28,259
30,250
21,256
20,250
24,237
19,195
16,189
34,220
14,238
17,225
24,229
20,249
28,267
14,248
17,215
17,206
24,197
18,230
19,238
22,249
20,283
18,307
15,291
6,236
18,194
18,177
16,199
19,231
23,242
26,240
21,265
31,283
22,230
18,225
27,207
22,195
11,217
20,234
24,260
19,305
19,303
23,285
15,278
13,243
16,219
18,237
21,244
24,252
22,280
20,287
13,270
17,249
16,219
15,178
11,169
19,189
32,249
23,256
23,259
23,288
18,269
17,227
21,220
13,188
18,178
18,189
30,231
27,203
17,237
22,275
22,323
26,344
23,325
14,257
11,229
11,231
16,259
12,262
22,280
19,314
19,307
15,228
14,181
16,193
24,239
17,262
16,249
18,253
26,302
8,290
18,265
15,199
18,222
16,227
22,231
13,256
19,256
17,260
32,277
13,229
20,203
18,225
14,226
18,231
15,250
24,286
24,298
17,298
17,294
10,245
13,247
14,261
19,260
18,269
10,285
11,330
12,311
10,280
8,253
21,259
13,248
24,259
20,272
16,298
17,303
17,288
20,290
15,230
10,225
10,233
18,272
26,284
19,303
10,281
16,283
9,233
19,205
17,202
18,227
21,269
23,262
32,296
21,310
17,321
5,302
13,250
11,241
11,241
19,235
13,233
15,239
21,234
19,238
25,199
19,135
26,127
22,122
28,146
33,165
41,175
26,212
26,224
27,212
24,225
19,219
28,242
27,252
28,224
18,226
20,214
17,209
13,193
18,181
24,185
23,191
33,236
38,275
22,271
18,267
21,272
13,252
13,248
12,229
14,222
23,227
17,216
25,220
21,220
16,240
23,259
18,257
13,228
25,203
15,189
20,188
26,203
22,218
23,257
30,294
26,281
18,269
25,247
18,229
15,214
14,212
23,233
17,241
26,273
24,277
17,247
15,242
17,223
11,184
21,187
25,196
23,209
27,230
24,234
22,238
15,239
23,217
19,184
31,193
25,180
22,165
26,165
25,176
26,207
18,235
22,233
31,252
23,235
25,206
29,194
16,178
15,193
25,229
24,231
24,244
23,257
17,270
17,285
19,285
18,255
13,220
17,201
15,206
20,227
18,245
25,250
20,274
26,289
15,263
20,225
18,194
17,207
21,215
10,240
19,259
24,273
21,299
18,286
21,284
15,254
20,251
17,242
17,260
24,276
16,279
24,326
14,335
11,255
21,232
17,224
13,249
13,269
19,284
14,311
13,325
20,291
14,276
19,263
11,254
12,270
12,283
15,287
10,312
15,302
19,263
14,240
16,243
17,254
9,266
18,292
11,304
12,322
20,297
20,272
12,243
12,243
16,263
15,288
19,314
17,313
15,300
16,297
9,263
11,241
15,247
20,265
14,272
18,292
13,303
13,272
20,237
10,221
9,212
20,227
19,250
17,266
13,289
12,282
24,287
15,236
9,206
14,208
19,215
15,228
25,233
11,244
23,267
21,261
22,216
23,177
24,201
28,205
28,216
16,236
17,257
23,293
19,288
11,275
16,259
19,268
14,271
16,280
12,272
18,296
11,308
17,282
11,265
13,257
14,257
8,246
17,259
9,264
13,273
21,312
24,315
17,271
10,260
8,243
13,254
14,258
15,279
17,311
8,331
8,313
17,303
7,295
13,273
10,264
15,278
9,287
16,306
17,288
15,271
10,258
15,247
18,234
13,247
19,265
13,281
21,293
18,327
14,323
13,309
11,281
20,292
4,283
11,308
12,319
10,317
21,289
18,269
7,251
11,242
19,251
16,259
21,255
15,259
19,275
17,263
13,227
21,213
17,203
22,203
20,218
12,239
32,282
20,266
22,247
24,245
17,243
21,206
18,210
24,231
26,253
23,273
22,297
15,256
17,246
22,253
12,237
16,246
20,238
17,255
18,275
14,266
15,286
11,266
18,271
26,280
13,238
15,234
21,241
18,211
22,216
18,226
16,240
28,227
25,191
23,167
20,149
31,141
25,144
19,159
27,179
30,171
34,175
36,203
29,217
27,227
17,190
24,160
26,138
16,137
29,177
23,184
36,210
24,244
25,251
26,251
23,249
21,245
20,237
16,216
17,206
20,208
15,185
19,193
24,206
16,225
25,254
22,282
20,301
13,301
11,290
14,254
13,238
14,238
11,243
19,260
17,250
12,272
17,277
25,255
15,213
20,204
19,239
10,234
19,261
21,273
23,279
18,295
22,305
16,261
19,245
14,246
17,248
15,260
12,261
11,285
21,316
13,314
16,268
14,253
14,241
15,232
22,246
24,256
7,253
15,269
16,271
26,236
15,213
12,242
19,270
21,278
21,292
20,288
18,310
16,285
8,236
15,229
15,237
24,255
18,241
18,246
16,264
14,283
12,271
19,254
17,230
21,221
23,227
20,230
19,239
21,258
21,294
22,253
20,233
19,253
13,242
19,226
19,220
19,227
20,253
21,260
18,252
18,244
16,216
22,210
22,204
28,222
15,229
23,243
21,259
16,268
16,288
27,297
25,266
10,225
18,223
18,215
19,232
20,256
21,267
20,267
22,283
23,291
9,252
21,255
17,252
15,275
17,303
15,315
15,335
12,314
10,310
12,272
9,260
7,263
19,292
9,291
12,306
13,279
20,269
11,242
15,241
15,227
13,232
20,248
16,260
15,258
12,235
23,217
17,198
13,191
24,172
29,175
27,180
21,196
27,213
26,202
27,206
25,207
27,206
25,183
22,156
29,157
30,160
22,162
33,181
22,207
26,205
30,209
20,229
27,235
25,227
21,207
19,201
20,178
18,184
22,212
19,203
24,224
19,242
17,223
19,224
19,221
25,231
25,227
27,214
26,197
24,210
20,240
23,277
19,247
14,223
23,235
15,237
20,260
16,249
21,261
19,267
9,273
21,266
23,266
17,245
18,269
19,283
11,271
17,282
18,291
17,282
13,245
19,241
12,245
17,265
13,279
23,298
13,272
15,264
13,246
21,229
12,220
16,234
16,245
16,255
23,232
19,222
24,240
20,252
16,225
23,221
26,227
9,221
20,240
22,268
23,278
12,250
13,261
14,263
17,244
21,239
18,223
7,214
17,229
27,216
17,200
13,194
23,200
22,180
31,193
30,204
15,196
41,229
22,241
14,248
31,240
20,198
17,176
14,179
28,190
29,189
26,202
24,223
20,220
33,225
24,196
20,183
24,198
24,193
33,200
21,206
34,215
34,226
17,231
23,227
23,199
22,209
13,203
22,191
18,179
39,202
22,218
30,233
21,218
23,229
19,242
16,247
20,246
20,248
20,251
22,243
16,242
13,227
18,240
23,255
15,279
11,290
20,284
20,259
16,250
17,235
15,218
16,228
28,248
23,267
20,287
23,292
13,258
14,243
17,216
13,211
21,226
20,231
23,253
17,253
13,231
22,238
22,215
18,212
16,205
18,204
18,216
22,237
22,264
15,265
16,275
21,274
18,274
18,270
14,251
16,226
22,258
17,257
18,284
17,300
17,294
20,290
17,289
7,252
9,258
17,268
10,276
16,287
16,289
13,302
19,313
20,290
16,281
19,284
15,288
13,266
15,287
18,288
10,288
18,284
12,269
12,258
13,270
15,289
10,270
14,265
16,268
11,221
18,217
17,233
18,215
24,222
25,219
26,253
20,265
24,224
16,198
20,188
23,189
20,190
26,187
31,198
29,208
28,239
22,237
19,237
17,222
21,207
22,201
26,210
21,223
25,223
28,231
16,227
26,242
21,241
20,222
21,184
15,184
21,164
20,168
25,145
32,141
19,146
34,162
18,178
32,207
32,221
20,223
29,234
32,196
15,145
23,154
22,157
21,172
30,183
29,205
30,247
24,231
21,221
26,226
17,221
18,202
18,192
22,185
22,203
27,193
29,197
27,210
19,223
16,246
16,242
18,205
13,199
30,199
20,220
12,214
22,225
20,238
26,252
25,259
17,265
20,264
16,247
19,232
17,208
16,214
15,196
25,214
17,219
20,234
29,225
24,224
21,194
21,183
20,184
30,212
26,230
23,221
23,230
20,239
13,238
21,270
20,272
17,254
27,276
19,240
12,220
16,238
14,242
18,256
21,283
18,281
16,288
17,289
20,262
8,227
12,220
16,223
14,227
17,240
26,258
27,215
17,206
21,187
23,186
27,197
28,230
20,220
11,219
19,239
22,257
23,253
15,250
23,217
15,179
23,138
16,116
27,122
19,118
29,109
43,102
28,70
31,68
33,76
36,100
41,122
42,152
32,180
32,211
31,216
29,238
34,270
24,260
25,245
25,234
16,215
24,210
18,209
25,169
23,161
26,170
23,169
36,199
32,215
23,241
27,303
21,342
28,305
15,233
13,204
12,211
16,237
14,254
22,286
23,327
22,312
19,272
14,231
16,205
13,208
18,224
13,237
15,265
17,314
17,353
22,314
7,256
12,237
14,246
16,253
18,281
22,317
15,342
20,337
11,280
10,246
14,244
15,242
10,249
15,279
23,311
18,309
14,288
13,254
13,225
8,216
21,223
23,242
17,260
30,289
16,299
24,290
21,268
24,248
12,226
16,245
24,278
19,282
18,294
21,312
16,295
12,282
12,254
13,232
11,245
25,262
22,254
21,285
17,292
19,314
6,293
8,250
23,249
21,240
17,227
23,238
10,229
18,250
16,306
12,276
27,308
13,287
14,250
15,255
14,233
13,244
15,265
20,257
12,265
21,261
23,262
11,223
23,234
19,259
14,265
19,276
16,322
15,319
16,281
15,226
18,210
22,229
13,232
12,241
24,265
21,285
14,256
15,234
16,216
16,181
24,188
19,189
21,201
27,230
26,211
21,215
23,208
19,221
17,202
13,174
31,192
25,200
25,239
24,280
25,295
26,309
18,281
19,266
17,271
15,258
14,265
13,286
16,312
14,331
18,326
6,309
23,284
25,265
8,243
18,264
13,282
19,280
16,287
15,291
17,253
17,213
17,207
10,212
13,232
18,242
22,242
23,250
15,270
22,288
14,234
10,210
19,227
8,225
18,236
16,255
19,266
13,274
12,288
14,282
17,255
15,239
20,242
20,246
15,257
24,268
24,284
16,280
15,269
8,265
16,268
13,249
18,250
29,285
17,260
24,256
17,246
17,251
21,257
25,219
19,195
15,206
20,189
20,178
28,201
30,238
26,276
21,254
20,262
21,217
18,189
20,208
24,226
25,243
17,246
13,270
31,302
17,271
21,274
22,256
20,262
11,262
16,277
24,271
18,279
12,297
11,304
12,257
6,241
21,248
22,268
15,246
16,247
16,281
17,291
22,305
16,283
11,254
14,232
14,212
17,210
24,234
19,243
16,261
24,283
18,243
20,203
21,171
19,153
24,153
17,165
31,213
22,265
37,321
24,298
15,232
26,239
10,214
17,180
19,167
19,154
25,185
26,203
28,215
22,203
23,202
16,194
15,208
23,207
27,210
25,215
18,216
29,240
13,225
31,240
27,258
18,275
11,259
24,237
13,197
10,178
28,191
26,176
24,174
22,183
23,195
25,203
28,178
35,153
26,158
21,148
28,158
34,174
33,185
28,217
36,226
23,242
30,250
14,268
23,236
17,221
21,218
18,213
23,221
17,221
21,249
17,252
17,264
21,292
19,300
19,291
18,288
17,271
11,260
17,268
12,246
20,268
18,285
18,285
21,271
17,253
21,246
19,262
16,261
11,251
21,279
11,295
18,316
8,268
19,254
21,257
21,271
13,259
15,280
17,300
19,336
18,358
17,289
7,275
9,273
13,280
16,280
14,288
13,323
12,331
12,273
16,266
10,265
9,257
17,259
19,274
16,276
18,283
7,259
20,242
15,247
18,249
12,253
13,258
21,259
19,286
13,300
13,285
11,244
15,248
19,261
21,256
31,267
20,266
18,273
13,283
16,281
20,267
13,236
7,240
14,233
19,231
22,229
20,256
17,230
19,237
19,231
20,241
20,267
25,282
16,245
11,251
18,267
14,279
21,278
18,277
21,262
18,250
15,262
15,273
19,268
13,243
20,236
16,245
19,257
19,246
14,235
21,237
18,225
17,217
13,205
23,196
19,193
19,202
24,210
24,230
24,225
29,232
25,257
25,245
18,234
25,246
13,227
18,208
12,218
20,228
20,226
20,247
21,253
19,277
15,288
17,271
26,267
15,270
11,258
16,254
10,244
23,269
21,288
15,283
14,290
10,285
14,265
11,262
17,261
16,259
20,267
16,289
20,295
16,285
15,250
18,234
23,238
16,246
15,271
14,295
21,317
14,296
19,279
13,261
12,231
10,237
14,249
24,274
16,291
22,312
15,265
9,264
14,245
9,234
23,243
19,255
18,256
23,275
19,289
15,270
10,239
16,214
19,204
23,213
15,222
21,262
13,269
17,291
13,300
22,286
15,245
16,212
15,205
15,226
17,240
28,263
21,272
20,266
23,223
23,209
16,177
22,159
20,171
22,206
25,235
27,225
30,255
19,259
22,239
25,231
19,240
13,225
17,217
21,220
19,252
19,278
18,297
14,296
22,304
12,268
17,229
15,221
17,214
23,222
23,254
16,259
20,243
13,211
19,192
24,165
30,137
31,114
27,99
30,127
23,139
34,166
27,218
35,228
28,260
23,273
24,253
19,234
14,210
22,221
25,211
21,240
18,254
21,284
20,299
18,293
16,286
13,276
19,258
14,250
13,252
15,279
15,279
10,292
8,336
11,304
18,288
14,252
11,252
9,261
10,293
20,290
13,310
16,314
10,273
12,234
18,232
16,228
19,240
18,266
15,277
25,268
13,229
22,228
20,222
18,219
16,229
27,234
25,255
23,268
19,278
16,283
16,262
21,239
14,208
22,209
19,221
22,250
24,247
20,259
16,278
12,236
17,220
22,168
28,167
19,167
25,179
37,210
38,242
20,250
29,283
17,286
17,285
22,258
9,240
14,239
13,223
12,229
17,232
17,233
22,244
27,247
22,211
15,212
20,193
17,190
24,204
16,219
28,234
14,239
24,265
26,281
16,247
19,240
19,213
26,201
17,204
20,217
13,237
16,262
21,282
19,292
17,262
20,233
23,211
13,207
21,216
11,234
23,245
22,272
16,294
21,299
16,274
23,212
20,220
20,221
21,244
18,249
13,240
24,264
25,288
21,244
15,200
16,179
18,159
27,183
27,202
29,222
24,235
29,246
25,260
19,251
24,197
23,176
24,185
14,184
14,191
21,205
16,237
29,260
16,255
17,212
20,179
21,183
26,181
28,184
27,185
24,191
27,219
20,248
25,273
21,295
20,297
18,283
10,270
13,255
16,240
16,231
18,224
22,232
18,247
29,255
21,265
20,238
21,208
18,192
22,187
18,203
20,228
31,269
24,287
25,304
15,288
12,230
14,214
19,213
17,215
24,237
19,234
18,249
16,261
17,271
11,256
19,245
15,236
17,228
8,223
22,247
11,250
17,279
19,303
16,304
17,306
20,273
20,257
10,228
17,250
8,256
16,283
20,292
18,311
13,257
10,224
13,232
19,256
19,257
13,268
19,300
21,320
6,327
17,303
16,271
16,274
9,269
13,270
15,304
13,321
13,335
16,301
16,250
13,259
10,258
11,255
18,267
19,270
15,270
19,269
15,240
24,226
17,224
15,243
19,248
18,243
27,279
24,297
16,263
15,246
17,232
18,240
17,253
13,264
18,282
22,287
25,320
14,287
11,252
15,255
8,240
8,267
15,300
20,321
17,331
15,320
9,292
7,252
10,247
12,231
11,249
18,252
21,256
18,234
21,198
22,193
23,195
29,201
25,180
24,169
16,194
24,228
19,262
29,303
23,270
15,231
27,233
18,225
10,221
19,236
26,261
23,262
16,290
17,277
12,247
9,232
18,236
22,240
20,241
20,227
19,249
17,253
21,273
15,227
7,206
21,192
22,176
29,178
33,198
18,181
25,186
23,198
32,224
21,248
28,239
15,198
20,167
24,172
18,179
25,165
28,160
26,171
34,192
25,220
23,235
30,244
17,208
30,202
24,186
27,183
26,194
23,191
16,188
20,210
34,251
29,253
20,273
16,278
19,272
16,258
13,256
11,250
14,254
14,262
20,288
19,314
16,305
8,269
22,276
17,240
17,214
20,199
16,208
19,234
18,243
22,234
28,189
21,144
23,138
25,145
28,150
18,178
27,186
33,199
29,206
31,209
24,222
30,240
18,220
23,210
23,204
17,213
29,225
31,279
18,289
18,299
25,291
15,259
10,243
20,251
14,243
21,266
18,271
15,267
14,277
18,302
11,264
15,230
20,220
16,220
14,236
24,271
15,292
25,306
22,306
15,287
15,265
14,233
13,245
14,254
19,299
13,291
18,305
17,296
15,243
17,229
15,213
19,225
11,235
20,265
22,267
22,288
23,283
10,249
16,235
21,248
13,241
13,247
15,273
25,299
19,281
25,306
13,257
14,237
12,214
22,208
19,232
22,252
22,299
10,336
15,346
20,289
7,256
14,250
12,237
9,233
11,268
22,312
15,326
15,302
13,290
14,260
15,224
11,215
13,228
14,265
14,305
22,310
18,284
21,278
25,294
15,216
10,189
15,212
22,259
24,288
20,292
25,280
11,260
17,240
8,174
26,166
13,185
20,208
24,237
19,215
24,228
29,249
19,215
24,216
13,201
33,212
26,240
19,238
23,231
31,249
23,246
9,215
20,200
25,230
21,255
18,233
23,231
19,268
19,269
18,295
20,268
10,226
12,248
21,245
11,234
25,250
17,269
23,271
26,272
24,265
17,240
20,262
14,247
13,240
20,237
18,218
24,261
28,258
25,264
18,280
19,277
25,281
9,245
11,262
12,255
14,260
13,272
17,291
15,261
23,272
19,252
12,218
12,194
22,207
15,199
25,227
27,249
25,236
16,213
25,216
13,200
15,198
17,196
17,218
17,223
31,254
22,253
19,258
17,227
19,194
21,191
25,170
16,150
32,178
24,182
26,211
32,253
19,296
25,322
19,266
14,210
19,187
15,193
15,204
22,222
28,243
24,267
17,276
16,284
7,283
20,276
18,273
12,240
13,231
16,254
18,261
14,260
12,260
19,251
14,254
23,247
19,225
17,196
23,207
20,198
26,192
31,202
18,208
17,196
21,222
33,252
19,227
27,266
16,282
22,297
19,290
15,291
21,273
14,274
11,270
16,268
9,286
17,317
18,294
10,295
16,281
8,266
20,254
16,240
15,253
23,251
18,248
10,246
18,248
13,233
13,225
19,204
24,193
14,182
25,189
22,193
36,183
23,196
13,202
28,207
30,238
20,226
26,232
21,246
26,246
15,247
15,255
21,248
19,248
22,254
16,235
28,231
10,230
17,274
22,288
24,320
15,312
13,295
14,279
18,261
14,252
15,249
13,250
12,271
22,298
19,264
14,245
14,226
10,199
18,207
22,218
20,223
28,246
23,237
18,212
15,199
23,188
21,185
17,171
27,184
28,196
26,224
35,266
26,302
22,310
16,297
18,293
15,267
11,270
11,284
10,293
13,309
17,335
17,334
10,303
8,268
15,267
11,259
10,258
18,287
16,291
18,292
15,250
22,246
13,235
22,232
12,223
13,243
14,272
32,296
22,284
15,254
16,228
12,235
18,246
18,238
13,247
23,270
13,289
17,286
10,247
12,240
14,222
12,218
21,217
22,222
27,237
15,235
20,237
26,202
14,171
29,178
18,162
27,171
24,181
30,180
25,202
28,221
22,236
30,260
30,252
17,236
19,219
19,223
16,233
24,209
22,213
19,214
19,257
15,278
19,298
19,298
22,276
17,254
19,231
14,214
16,212
31,246
14,236
18,245
20,255
17,240
19,211
16,215
18,216
19,208
17,213
25,229
24,242
25,257
22,243
25,209
13,193
23,189
24,193
20,191
25,192
25,202
34,220
33,217
18,185
22,178
29,184
32,182
28,174
25,199
25,181
29,181
24,185
29,195
28,218
21,219
22,235
27,252
22,279
22,275
23,258
20,231
15,230
13,216
15,224
16,238
18,254
22,263
16,248
25,248
16,235
20,214
19,220
17,221
15,246
21,276
20,275
16,273
13,227
10,220
11,211
17,202
21,206
27,230
24,246
15,261
19,281
23,274
23,275
13,273
18,279
22,290
14,280
15,274
14,278
19,280
14,258
9,241
11,253
18,257
20,246
14,260
13,274
19,293
23,295
17,254
19,239
18,230
21,209
18,205
22,218
21,232
20,223
27,253
25,259
15,242
13,227
17,217
19,192
22,185
23,204
26,235
29,232
25,247
22,249
19,265
15,280
11,296
19,285
14,273
7,285
15,274
8,252
8,246
20,248
8,236
19,244
24,249
14,251
22,267
21,260
19,266
22,250
16,261
18,258
15,247
18,223
16,213
22,207
17,214
23,231
21,218
26,220
20,187
26,190
19,190
16,188
24,177
29,201
38,229
27,242
20,260
26,284
23,316
13,270
24,266
14,254
10,245
20,257
24,268
17,289
29,313
18,289
16,263
18,226
6,209
16,210
18,205
27,235
29,252
23,253
22,215
23,221
24,218
16,171
17,164
23,151
18,162
28,186
21,218
31,250
18,242
26,245
18,236
17,225
15,215
22,210
12,184
22,188
16,193
27,218
29,207
24,214
24,223
18,219
24,212
20,209
15,184
29,187
24,181
25,207
32,235
20,248
20,245
30,252
21,234
13,218
13,250
18,254
13,251
18,260
17,254
23,235
15,250
16,245
16,245
14,248
20,274
13,244
12,230
18,255
12,235
23,242
27,263
22,298
26,308
23,259
13,214
30,234
17,225
20,199
16,216
21,236
27,268
22,312
13,289
20,257
18,249
21,245
13,211
17,224
18,247
21,276
19,304
24,295
17,250
15,236
12,238
14,240
19,246
19,252
21,280
11,282
17,250
27,240
22,235
18,222
13,227
18,230
14,238
23,242
27,277
25,298
17,227
19,202
14,189
15,178
17,198
29,207
28,218
27,223
31,252
15,265
16,250
14,236
21,232
18,246
26,247
19,247
13,264
19,287
14,315
15,316
16,277
12,255
13,239
13,232
8,217
13,229
22,242
20,252
18,237
29,210
25,187
22,160
22,177
25,198
20,217
18,227
26,266
23,302
31,316
22,320
13,284
18,257
14,261
10,241
15,243
11,241
21,276
21,309
14,295
14,259
16,232
17,248
29,229
17,212
29,234
18,255
12,273
23,282
30,271
16,241
19,244
12,245
25,255
14,247
17,257
23,257
19,235
24,234
17,230
30,226
21,221
20,233
21,253
23,261
19,278
20,297
18,293
13,294
16,269
12,248
12,233
16,226
17,246
20,219
11,217
23,223
27,236
26,214
21,214
22,220
27,234
22,242
22,249
21,264
14,265
14,284
14,298
17,274
21,251
19,237
21,220
9,193
23,202
13,211
20,214
23,210
22,218
23,236
20,224
21,234
23,268
21,256
23,274
18,268
14,270
5,250
19,272
15,304
11,294
11,304
18,315
13,318
14,317
6,291
13,298
8,286
13,287
14,296
13,303
16,302
13,273
15,243
14,215
20,206
12,196
17,220
20,204
18,214
22,232
31,244
24,255
22,263
8,252
16,255
14,243
18,253
21,260
18,251
10,256
26,257
21,231
22,243
19,231
17,226
20,233
22,267
29,293
16,294
16,311
22,348
13,320
12,289
10,279
17,286
11,269
18,271
7,282
12,280
17,252
19,228
18,208
19,197
13,194
21,201
21,209
17,222
35,257
20,263
23,277
19,271
18,266
8,280
16,279
14,273
20,279
12,265
14,273
12,270
17,277
18,285
20,289
18,259
14,238
16,221
24,218
10,210
18,195
22,206
27,188
20,185
28,203
37,237
21,202
22,207
12,228
17,260
25,281
17,283
22,287
23,258
17,255
14,241
14,243
20,251
13,247
25,263
23,252
16,243
19,240
23,226
25,219
21,223
22,220
21,239
24,225
26,243
25,243
16,228
13,215
15,217
20,185
16,182
25,195
32,196
29,200
22,218
24,234
19,239
9,214
31,219
29,224
26,188
24,205
16,198
25,220
19,214
20,230
20,247
14,260
26,270
17,246
20,223
17,213
22,223
25,252
23,247
11,239
16,258
24,258
21,241
14,231
20,217
17,198
16,211
27,231
14,233
21,254
28,278
20,283
15,258
18,254
14,222
19,221
15,232
19,224
17,227
30,261
23,284
14,298
10,291
18,247
18,235
15,219
12,195
19,188
27,194
25,215
24,206
29,226
27,202
18,194
20,201
17,191
16,202
28,220
19,243
36,277
16,270
23,303
21,303
17,267
7,246
10,254
14,261
16,268
14,274
10,280
14,314
16,286
9,252
15,232
19,220
17,200
22,191
18,200
19,231
14,236
21,252
21,264
11,252
20,266
13,267
11,258
18,286
16,278
12,278
17,281
9,255
14,252
15,236
7,220
10,228
20,244
16,247
23,279
20,267
22,237
20,226
15,238
12,245
25,248
10,253
19,278
18,282
20,245
17,217
15,210
12,204
20,194
24,193
21,204
18,234
29,267
28,289
28,291
13,242
7,203
17,181
19,168
28,175
28,175
28,207
16,213
27,241
18,233
21,222
19,195
25,195
29,218
18,184
21,183
31,212
15,223
27,275
22,300
19,298
15,296
20,299
12,243
22,232
18,233
11,230
19,248
19,266
17,257
19,245
15,221
15,216
21,205
16,199
30,214
21,235
18,262
20,276
23,297
12,294
8,276
23,283
19,264
16,251
20,258
13,280
15,296
24,295
21,277
16,254
16,263
15,254
14,247
21,272
14,288
7,300
19,290
14,249
14,249
15,209
25,208
9,205
19,234
31,260
20,294
17,269
20,245
19,233
17,230
14,254
15,266
18,289
9,303
16,329
18,329
16,282
10,280
12,271
10,276
16,261
15,271
14,299
15,292
18,258
18,239
17,219
13,231
19,227
13,225
20,237
10,246
17,233
24,235
13,232
16,232
14,215
21,226
21,243
14,252
16,265
23,288
20,281
11,266
26,268
13,245
10,242
10,259
14,274
14,266
15,279
20,243
13,246
20,240
20,267
15,249
18,262
21,270
17,255
18,227
14,207
21,184
21,187
29,196
21,193
18,205
22,215
22,232
16,249
22,268
22,290
23,306
19,282
16,257
14,246
16,257
22,263
18,267
15,291
13,297
14,308
12,263
12,243
15,224
17,212
19,201
18,226
21,241
21,260
21,237
20,218
26,192
20,194
13,175
22,164
30,149
38,176
18,183
25,197
23,218
19,253
19,224
33,231
22,229
15,231
18,259
24,247
18,275
19,328
12,332
15,292
14,277
16,278
16,255
16,256
14,275
13,319
12,337
13,317
16,296
15,280
16,264
15,245
16,255
14,292
17,319
14,282
17,268
13,252
19,246
22,237
17,235
24,261
18,303
19,313
16,277
23,240
13,205
18,185
23,187
21,193
24,210
23,246
16,242
17,251
16,253
24,236
30,224
19,199
22,180
18,181
30,202
21,230
28,253
20,255
17,244
13,221
19,220
19,219
22,238
21,245
16,238
25,259
20,276
18,265
12,252
19,242
17,241
15,239
15,266
13,265
17,278
12,299
11,292
19,280
17,257
15,240
10,237
20,241
14,240
20,268
15,275
19,288
10,230
16,209
22,207
21,213
14,200
23,206
14,215
20,248
29,281
20,273
20,274
20,228
21,224
17,222
24,220
17,210
20,216
20,243
24,278
16,282
27,258
19,229
20,214
17,187
25,181
21,193
20,211
24,251
23,267
16,264
23,267
19,271
13,242
18,246
15,221
20,227
16,243
18,269
23,310
21,297
16,290
15,260
9,220
15,215
14,222
18,237
19,272
18,304
26,327
24,306
11,270
9,259
12,251
14,240
19,262
11,284
23,338
13,304
15,278
17,261
10,229
13,226
15,226
14,242
26,288
24,291
19,249
15,243
19,223
25,229
10,210
18,201
20,216
21,238
27,238
12,242
28,220
18,170
21,158
36,180
31,198
24,183
32,185
32,220
24,254
23,282
27,297
22,264
17,247
17,244
13,210
16,201
19,216
19,233
20,259
13,294
25,299
17,266
20,252
20,242
14,218
14,218
16,228
19,247
20,295
16,298
17,259
22,244
14,232
10,236
17,233
22,255
22,267
16,295
17,312
15,280
19,265
17,268
16,251
14,237
14,255
20,279
20,322
16,308
18,287
18,277
10,264
14,269
12,255
14,262
13,274
20,285
9,243
20,221
11,201
16,198
18,212
14,208
24,214
30,236
28,255
21,267
22,249
18,202
19,196
15,199
20,222
29,251
24,256
15,255
20,269
18,287
16,285
11,266
17,265
23,266
13,246
21,248
13,260
15,292
21,310
21,314
10,265
11,264
13,269
16,247
19,255
16,267
14,273
19,288
19,267
15,242
18,227
18,199
15,191
18,205
17,216
22,240
26,256
19,208
21,184
23,171
23,171
21,177
30,195
31,219
22,222
27,239
18,238
21,275
26,260
10,266
15,276
15,282
15,280
16,249
17,245
14,230
17,260
13,264
12,265
18,269
10,250
15,231
16,228
25,230
27,228
22,226
20,210
21,205
17,215
26,227
23,211
25,187
15,174
21,183
20,207
21,242
27,255
22,239
15,224
20,230
26,208
19,204
24,216
16,233
24,219
17,213
22,231
29,250
26,241
19,237
16,254
18,270
20,275
21,255
17,215
16,218
15,241
20,236
13,239
17,244
26,272
19,249
20,232
18,209
24,223
29,221
12,245
17,265
22,275
13,294
4,277
21,261
13,223
17,213
19,216
22,232
16,238
20,230
21,223
24,231
26,224
22,192
20,186
28,180
27,195
26,212
28,246
21,247
15,222
18,232
15,245
14,228
18,211
19,195
25,199
27,214
17,237
31,257
18,251
19,267
15,296
17,285
21,266
16,256
8,249
26,279
20,272
26,268
13,292
21,305
11,287
17,285
13,266
9,257
12,276
14,279
19,291
20,292
12,289
15,282
13,266
8,245
15,250
10,252
13,252
18,262
18,284
28,281
17,257
23,237
16,224
13,227
18,257
20,276
14,259
19,280
21,304
8,247
20,250
15,226
17,237
17,235
24,230
17,236
13,244
23,252
22,251
21,238
18,214
20,219
18,230
24,261
18,244
27,269
20,268
18,280
14,255
16,242
22,253
20,238
14,227
16,221
23,222
27,261
26,234
19,214
17,236
23,229
17,231
21,231
23,236
22,227
16,226
22,192
18,190
21,193
17,181
31,199
27,200
26,225
24,226
25,250
19,267
21,275
12,294
25,299
16,289
17,268
22,262
15,257
20,265
19,264
10,258
12,280
16,308
19,278
21,259
9,243
17,224
13,207
14,211
19,224
19,230
20,215
28,232
23,229
27,258
17,234
21,225
24,217
16,222
21,233
27,269
15,268
14,254
21,272
26,275
17,253
16,228
14,222
19,234
14,249
18,263
23,258
20,261
17,256
25,264
20,237
18,195
17,182
20,206
22,196
15,209
31,222
27,243
23,260
20,267
16,272
21,277
18,269
12,238
26,212
23,200
16,195
21,224
16,249
17,278
20,268
23,256
12,245
16,254
18,281
27,295
17,295
16,316
13,300
10,297
15,282
10,270
14,299
18,303
15,302
12,302
13,279
11,236
21,238
10,229
14,244
21,267
11,252
18,265
15,270
20,281
11,240
15,229
16,257
19,268
17,288
16,278
28,300
22,301
12,247
16,223
17,216
16,227
20,248
17,255
21,273
13,265
18,250
14,234
14,200
12,194
18,204
27,203
25,218
23,185
25,184
18,198
23,216
19,215
28,224
19,219
20,230
17,223
21,234
15,254
16,292
22,303
20,242
15,222
15,227
21,238
23,242
19,237
15,254
22,281
24,306
16,299
15,269
19,246
19,234
10,221
13,242
11,260
19,277
24,298
17,273
12,222
13,210
18,222
14,217
15,204
18,224
21,242
27,268
26,264
20,243
22,238
19,188
15,153
21,164
23,162
27,176
31,198
34,230
31,249
21,248
16,224
26,219
29,185
21,155
25,156
24,169
27,175
24,190
35,209
26,224
17,218
25,211
22,225
22,228
30,225
26,196
26,211
21,220
19,206
27,220
14,228
28,245
16,218
19,204
22,208
21,206
18,188
19,189
26,200
19,184
22,209
25,228
26,200
29,203
23,224
21,212
23,224
29,188
23,176
19,188
28,196
26,209
25,234
25,264
29,253
27,247
17,262
13,250
15,203
15,229
17,243
21,262
16,266
20,286
11,291
18,285
22,263
10,203
17,194
25,195
24,203
19,225
25,248
21,219
22,204
21,177
25,191
16,184
22,190
31,206
23,230
31,252
22,264
13,276
12,286
19,268
16,256
13,253
16,224
15,230
19,251
14,290
28,322
16,319
14,288
12,263
18,247
14,244
18,267
13,272
15,309
14,330
14,298
20,304
11,287
14,280
9,275
12,290
14,324
14,341
12,319
14,306
12,309
14,288
9,276
10,296
12,325
10,340
13,327
13,294
8,272
11,278
11,277
12,293
16,307
18,315
9,308
10,287
15,259
13,259
22,285
13,274
16,305
23,342
11,334
15,304
19,280
13,278
12,286
8,294
21,325
3,343
